2025-12-26T14:30:46+0000 [1572] INFO --- DNF5 launched with arguments: "dnf update" ---
2025-12-26T14:30:47+0000 [1572] DEBUG Loading plugin file="/usr/lib64/dnf5/plugins/builddep_cmd_plugin.so"
2025-12-26T14:30:47+0000 [1572] INFO Loaded dnf5 plugin "builddep" ("/usr/lib64/dnf5/plugins/builddep_cmd_plugin.so") version "1.0.0"
2025-12-26T14:30:47+0000 [1572] DEBUG Loading plugin file="/usr/lib64/dnf5/plugins/changelog_cmd_plugin.so"
2025-12-26T14:30:47+0000 [1572] INFO Loaded dnf5 plugin "changelog" ("/usr/lib64/dnf5/plugins/changelog_cmd_plugin.so") version "1.0.0"
2025-12-26T14:30:47+0000 [1572] DEBUG Loading plugin file="/usr/lib64/dnf5/plugins/config-manager_cmd_plugin.so"
2025-12-26T14:30:47+0000 [1572] INFO Loaded dnf5 plugin "config-manager" ("/usr/lib64/dnf5/plugins/config-manager_cmd_plugin.so") version "0.1.0"
2025-12-26T14:30:47+0000 [1572] DEBUG Loading plugin file="/usr/lib64/dnf5/plugins/copr_cmd_plugin.so"
2025-12-26T14:30:47+0000 [1572] INFO Loaded dnf5 plugin "copr" ("/usr/lib64/dnf5/plugins/copr_cmd_plugin.so") version "0.1.0"
2025-12-26T14:30:47+0000 [1572] DEBUG Loading plugin file="/usr/lib64/dnf5/plugins/needs_restarting_cmd_plugin.so"
2025-12-26T14:30:47+0000 [1572] INFO Loaded dnf5 plugin "needs_restarting" ("/usr/lib64/dnf5/plugins/needs_restarting_cmd_plugin.so") version "1.0.0"
2025-12-26T14:30:47+0000 [1572] DEBUG Loading plugin file="/usr/lib64/dnf5/plugins/repoclosure_cmd_plugin.so"
2025-12-26T14:30:47+0000 [1572] INFO Loaded dnf5 plugin "repoclosure" ("/usr/lib64/dnf5/plugins/repoclosure_cmd_plugin.so") version "1.0.0"
2025-12-26T14:30:47+0000 [1572] DEBUG Loading plugin file="/usr/lib64/dnf5/plugins/repomanage_cmd_plugin.so"
2025-12-26T14:30:47+0000 [1572] INFO Loaded dnf5 plugin "repomanage" ("/usr/lib64/dnf5/plugins/repomanage_cmd_plugin.so") version "1.0.0"
2025-12-26T14:30:47+0000 [1572] DEBUG Loading plugin file="/usr/lib64/dnf5/plugins/reposync_cmd_plugin.so"
2025-12-26T14:30:47+0000 [1572] INFO Loaded dnf5 plugin "reposync" ("/usr/lib64/dnf5/plugins/reposync_cmd_plugin.so") version "1.0.0"
2025-12-26T14:30:47+0000 [1572] DEBUG Creating repo "fedora-cisco-openh264" from config file "/etc/yum.repos.d/fedora-cisco-openh264.repo" section "fedora-cisco-openh264"
2025-12-26T14:30:47+0000 [1572] DEBUG Creating repo "fedora-cisco-openh264-debuginfo" from config file "/etc/yum.repos.d/fedora-cisco-openh264.repo" section "fedora-cisco-openh264-debuginfo"
2025-12-26T14:30:47+0000 [1572] DEBUG Creating repo "fedora-cisco-openh264-source" from config file "/etc/yum.repos.d/fedora-cisco-openh264.repo" section "fedora-cisco-openh264-source"
2025-12-26T14:30:47+0000 [1572] DEBUG Creating repo "updates-testing" from config file "/etc/yum.repos.d/fedora-updates-testing.repo" section "updates-testing"
2025-12-26T14:30:47+0000 [1572] DEBUG Creating repo "updates-testing-debuginfo" from config file "/etc/yum.repos.d/fedora-updates-testing.repo" section "updates-testing-debuginfo"
2025-12-26T14:30:47+0000 [1572] DEBUG Creating repo "updates-testing-source" from config file "/etc/yum.repos.d/fedora-updates-testing.repo" section "updates-testing-source"
2025-12-26T14:30:47+0000 [1572] DEBUG Creating repo "updates" from config file "/etc/yum.repos.d/fedora-updates.repo" section "updates"
2025-12-26T14:30:47+0000 [1572] DEBUG Creating repo "updates-debuginfo" from config file "/etc/yum.repos.d/fedora-updates.repo" section "updates-debuginfo"
2025-12-26T14:30:47+0000 [1572] DEBUG Creating repo "updates-source" from config file "/etc/yum.repos.d/fedora-updates.repo" section "updates-source"
2025-12-26T14:30:47+0000 [1572] DEBUG Creating repo "fedora" from config file "/etc/yum.repos.d/fedora.repo" section "fedora"
2025-12-26T14:30:47+0000 [1572] DEBUG Creating repo "fedora-debuginfo" from config file "/etc/yum.repos.d/fedora.repo" section "fedora-debuginfo"
2025-12-26T14:30:47+0000 [1572] DEBUG Creating repo "fedora-source" from config file "/etc/yum.repos.d/fedora.repo" section "fedora-source"
2025-12-26T14:30:47+0000 [1572] ERROR Command returned error: The requested operation requires superuser privileges. Please log in as a user with elevated rights, or use the "--assumeno" or "--downloadonly" options to run the command without modifying the system state.
2025-12-26T14:47:56+0000 [13994] INFO --- DNF5 launched with arguments: "dnf update" ---
2025-12-26T14:47:56+0000 [13994] DEBUG Loading plugin file="/usr/lib64/dnf5/plugins/builddep_cmd_plugin.so"
2025-12-26T14:47:56+0000 [13994] INFO Loaded dnf5 plugin "builddep" ("/usr/lib64/dnf5/plugins/builddep_cmd_plugin.so") version "1.0.0"
2025-12-26T14:47:56+0000 [13994] DEBUG Loading plugin file="/usr/lib64/dnf5/plugins/changelog_cmd_plugin.so"
2025-12-26T14:47:56+0000 [13994] INFO Loaded dnf5 plugin "changelog" ("/usr/lib64/dnf5/plugins/changelog_cmd_plugin.so") version "1.0.0"
2025-12-26T14:47:56+0000 [13994] DEBUG Loading plugin file="/usr/lib64/dnf5/plugins/config-manager_cmd_plugin.so"
2025-12-26T14:47:56+0000 [13994] INFO Loaded dnf5 plugin "config-manager" ("/usr/lib64/dnf5/plugins/config-manager_cmd_plugin.so") version "0.1.0"
2025-12-26T14:47:56+0000 [13994] DEBUG Loading plugin file="/usr/lib64/dnf5/plugins/copr_cmd_plugin.so"
2025-12-26T14:47:56+0000 [13994] INFO Loaded dnf5 plugin "copr" ("/usr/lib64/dnf5/plugins/copr_cmd_plugin.so") version "0.1.0"
2025-12-26T14:47:56+0000 [13994] DEBUG Loading plugin file="/usr/lib64/dnf5/plugins/needs_restarting_cmd_plugin.so"
2025-12-26T14:47:56+0000 [13994] INFO Loaded dnf5 plugin "needs_restarting" ("/usr/lib64/dnf5/plugins/needs_restarting_cmd_plugin.so") version "1.0.0"
2025-12-26T14:47:56+0000 [13994] DEBUG Loading plugin file="/usr/lib64/dnf5/plugins/repoclosure_cmd_plugin.so"
2025-12-26T14:47:56+0000 [13994] INFO Loaded dnf5 plugin "repoclosure" ("/usr/lib64/dnf5/plugins/repoclosure_cmd_plugin.so") version "1.0.0"
2025-12-26T14:47:56+0000 [13994] DEBUG Loading plugin file="/usr/lib64/dnf5/plugins/repomanage_cmd_plugin.so"
2025-12-26T14:47:56+0000 [13994] INFO Loaded dnf5 plugin "repomanage" ("/usr/lib64/dnf5/plugins/repomanage_cmd_plugin.so") version "1.0.0"
2025-12-26T14:47:56+0000 [13994] DEBUG Loading plugin file="/usr/lib64/dnf5/plugins/reposync_cmd_plugin.so"
2025-12-26T14:47:56+0000 [13994] INFO Loaded dnf5 plugin "reposync" ("/usr/lib64/dnf5/plugins/reposync_cmd_plugin.so") version "1.0.0"
2025-12-26T14:47:56+0000 [13994] DEBUG Loading plugin library file="/usr/lib64/libdnf5/plugins/notify_packagekit.so"
2025-12-26T14:47:56+0000 [13994] INFO Loaded libdnf plugin "notify_packagekit" ("/usr/lib64/libdnf5/plugins/notify_packagekit.so"), version="1.3.3"
2025-12-26T14:47:56+0000 [13994] DEBUG Trying to load more plugins using the "notify_packagekit" plugin.
2025-12-26T14:47:56+0000 [13994] DEBUG End of loading plugins using the "notify_packagekit" plugin.
2025-12-26T14:47:56+0000 [13994] DEBUG Creating repo "fedora-cisco-openh264" from config file "/etc/yum.repos.d/fedora-cisco-openh264.repo" section "fedora-cisco-openh264"
2025-12-26T14:47:56+0000 [13994] DEBUG Creating repo "fedora-cisco-openh264-debuginfo" from config file "/etc/yum.repos.d/fedora-cisco-openh264.repo" section "fedora-cisco-openh264-debuginfo"
2025-12-26T14:47:56+0000 [13994] DEBUG Creating repo "fedora-cisco-openh264-source" from config file "/etc/yum.repos.d/fedora-cisco-openh264.repo" section "fedora-cisco-openh264-source"
2025-12-26T14:47:56+0000 [13994] DEBUG Creating repo "updates-testing" from config file "/etc/yum.repos.d/fedora-updates-testing.repo" section "updates-testing"
2025-12-26T14:47:56+0000 [13994] DEBUG Creating repo "updates-testing-debuginfo" from config file "/etc/yum.repos.d/fedora-updates-testing.repo" section "updates-testing-debuginfo"
2025-12-26T14:47:56+0000 [13994] DEBUG Creating repo "updates-testing-source" from config file "/etc/yum.repos.d/fedora-updates-testing.repo" section "updates-testing-source"
2025-12-26T14:47:56+0000 [13994] DEBUG Creating repo "updates" from config file "/etc/yum.repos.d/fedora-updates.repo" section "updates"
2025-12-26T14:47:56+0000 [13994] DEBUG Creating repo "updates-debuginfo" from config file "/etc/yum.repos.d/fedora-updates.repo" section "updates-debuginfo"
2025-12-26T14:47:56+0000 [13994] DEBUG Creating repo "updates-source" from config file "/etc/yum.repos.d/fedora-updates.repo" section "updates-source"
2025-12-26T14:47:56+0000 [13994] DEBUG Creating repo "fedora" from config file "/etc/yum.repos.d/fedora.repo" section "fedora"
2025-12-26T14:47:56+0000 [13994] DEBUG Creating repo "fedora-debuginfo" from config file "/etc/yum.repos.d/fedora.repo" section "fedora-debuginfo"
2025-12-26T14:47:56+0000 [13994] DEBUG Creating repo "fedora-source" from config file "/etc/yum.repos.d/fedora.repo" section "fedora-source"
2025-12-26T14:47:56+0000 [13994] ERROR Command returned error: The requested operation requires superuser privileges. Please log in as a user with elevated rights, or use the "--assumeno" or "--downloadonly" options to run the command without modifying the system state.
2025-12-26T14:49:01+0000 [14028] INFO --- DNF5 launched with arguments: "dnf needs-restarting" ---
2025-12-26T14:49:01+0000 [14028] DEBUG Loading plugin file="/usr/lib64/dnf5/plugins/builddep_cmd_plugin.so"
2025-12-26T14:49:01+0000 [14028] INFO Loaded dnf5 plugin "builddep" ("/usr/lib64/dnf5/plugins/builddep_cmd_plugin.so") version "1.0.0"
2025-12-26T14:49:01+0000 [14028] DEBUG Loading plugin file="/usr/lib64/dnf5/plugins/changelog_cmd_plugin.so"
2025-12-26T14:49:01+0000 [14028] INFO Loaded dnf5 plugin "changelog" ("/usr/lib64/dnf5/plugins/changelog_cmd_plugin.so") version "1.0.0"
2025-12-26T14:49:01+0000 [14028] DEBUG Loading plugin file="/usr/lib64/dnf5/plugins/config-manager_cmd_plugin.so"
2025-12-26T14:49:01+0000 [14028] INFO Loaded dnf5 plugin "config-manager" ("/usr/lib64/dnf5/plugins/config-manager_cmd_plugin.so") version "0.1.0"
2025-12-26T14:49:01+0000 [14028] DEBUG Loading plugin file="/usr/lib64/dnf5/plugins/copr_cmd_plugin.so"
2025-12-26T14:49:01+0000 [14028] INFO Loaded dnf5 plugin "copr" ("/usr/lib64/dnf5/plugins/copr_cmd_plugin.so") version "0.1.0"
2025-12-26T14:49:01+0000 [14028] DEBUG Loading plugin file="/usr/lib64/dnf5/plugins/needs_restarting_cmd_plugin.so"
2025-12-26T14:49:01+0000 [14028] INFO Loaded dnf5 plugin "needs_restarting" ("/usr/lib64/dnf5/plugins/needs_restarting_cmd_plugin.so") version "1.0.0"
2025-12-26T14:49:01+0000 [14028] DEBUG Loading plugin file="/usr/lib64/dnf5/plugins/repoclosure_cmd_plugin.so"
2025-12-26T14:49:01+0000 [14028] INFO Loaded dnf5 plugin "repoclosure" ("/usr/lib64/dnf5/plugins/repoclosure_cmd_plugin.so") version "1.0.0"
2025-12-26T14:49:01+0000 [14028] DEBUG Loading plugin file="/usr/lib64/dnf5/plugins/repomanage_cmd_plugin.so"
2025-12-26T14:49:01+0000 [14028] INFO Loaded dnf5 plugin "repomanage" ("/usr/lib64/dnf5/plugins/repomanage_cmd_plugin.so") version "1.0.0"
2025-12-26T14:49:01+0000 [14028] DEBUG Loading plugin file="/usr/lib64/dnf5/plugins/reposync_cmd_plugin.so"
2025-12-26T14:49:01+0000 [14028] INFO Loaded dnf5 plugin "reposync" ("/usr/lib64/dnf5/plugins/reposync_cmd_plugin.so") version "1.0.0"
2025-12-26T14:49:01+0000 [14028] DEBUG Loading plugin library file="/usr/lib64/libdnf5/plugins/notify_packagekit.so"
2025-12-26T14:49:01+0000 [14028] INFO Loaded libdnf plugin "notify_packagekit" ("/usr/lib64/libdnf5/plugins/notify_packagekit.so"), version="1.3.3"
2025-12-26T14:49:01+0000 [14028] DEBUG Trying to load more plugins using the "notify_packagekit" plugin.
2025-12-26T14:49:01+0000 [14028] DEBUG End of loading plugins using the "notify_packagekit" plugin.
2025-12-26T14:49:01+0000 [14028] DEBUG Creating repo "fedora-cisco-openh264" from config file "/etc/yum.repos.d/fedora-cisco-openh264.repo" section "fedora-cisco-openh264"
2025-12-26T14:49:01+0000 [14028] DEBUG Creating repo "fedora-cisco-openh264-debuginfo" from config file "/etc/yum.repos.d/fedora-cisco-openh264.repo" section "fedora-cisco-openh264-debuginfo"
2025-12-26T14:49:01+0000 [14028] DEBUG Creating repo "fedora-cisco-openh264-source" from config file "/etc/yum.repos.d/fedora-cisco-openh264.repo" section "fedora-cisco-openh264-source"
2025-12-26T14:49:01+0000 [14028] DEBUG Creating repo "updates-testing" from config file "/etc/yum.repos.d/fedora-updates-testing.repo" section "updates-testing"
2025-12-26T14:49:01+0000 [14028] DEBUG Creating repo "updates-testing-debuginfo" from config file "/etc/yum.repos.d/fedora-updates-testing.repo" section "updates-testing-debuginfo"
2025-12-26T14:49:01+0000 [14028] DEBUG Creating repo "updates-testing-source" from config file "/etc/yum.repos.d/fedora-updates-testing.repo" section "updates-testing-source"
2025-12-26T14:49:01+0000 [14028] DEBUG Creating repo "updates" from config file "/etc/yum.repos.d/fedora-updates.repo" section "updates"
2025-12-26T14:49:01+0000 [14028] DEBUG Creating repo "updates-debuginfo" from config file "/etc/yum.repos.d/fedora-updates.repo" section "updates-debuginfo"
2025-12-26T14:49:01+0000 [14028] DEBUG Creating repo "updates-source" from config file "/etc/yum.repos.d/fedora-updates.repo" section "updates-source"
2025-12-26T14:49:01+0000 [14028] DEBUG Creating repo "fedora" from config file "/etc/yum.repos.d/fedora.repo" section "fedora"
2025-12-26T14:49:01+0000 [14028] DEBUG Creating repo "fedora-debuginfo" from config file "/etc/yum.repos.d/fedora.repo" section "fedora-debuginfo"
2025-12-26T14:49:01+0000 [14028] DEBUG Creating repo "fedora-source" from config file "/etc/yum.repos.d/fedora.repo" section "fedora-source"
2025-12-26T14:49:01+0000 [14028] DEBUG Loading system repo rpmdb from root "/"
2025-12-26T14:49:01+0000 [14028] INFO [librepo] Librepo version: 1.20.0 with CURL_GLOBAL_ACK_EINTR support (libcurl/8.15.0 OpenSSL/3.5.4 zlib/1.3.1.zlib-ng brotli/1.2.0 libidn2/2.3.8 libpsl/0.21.5 libssh/0.11.3/openssl/zlib nghttp2/1.66.0 OpenLDAP/2.6.10)
2025-12-26T14:49:01+0000 [14028] DEBUG [librepo] Current date: 2025-12-26T14:49:01+0000
2025-12-26T14:49:01+0000 [14028] DEBUG [librepo] lr_handle_perform: Using dir: /home/aidan/.cache/libdnf5/fedora-cisco-openh264-65b03c203277e378
2025-12-26T14:49:01+0000 [14028] DEBUG [librepo] lr_handle_perform: Using own SIGINT handler
2025-12-26T14:49:01+0000 [14028] DEBUG [librepo] lr_handle_prepare_internal_mirrorlist: Preparing internal mirrorlist
2025-12-26T14:49:01+0000 [14028] DEBUG [librepo] lr_handle_prepare_internal_mirrorlist: Finalizing internal mirrorlist
2025-12-26T14:49:01+0000 [14028] DEBUG [librepo] lr_handle_prepare_internal_mirrorlist: Finalizing mirrors reported via LRI_MIRRORS
2025-12-26T14:49:01+0000 [14028] DEBUG [librepo] lr_handle_perform: Downloading/Locating yum repo
2025-12-26T14:49:01+0000 [14028] DEBUG [librepo] lr_yum_use_local: Locating repo..
2025-12-26T14:49:01+0000 [14028] DEBUG [librepo] lr_yum_use_local_load_base: open(/home/aidan/.cache/libdnf5/fedora-cisco-openh264-65b03c203277e378/repodata/repomd.xml): No such file or directory
2025-12-26T14:49:01+0000 [14028] DEBUG [librepo] lr_handle_perform: Restoring an old SIGINT handler
2025-12-26T14:49:01+0000 [14028] DEBUG Metadata removal from repository cache in path "/home/aidan/.cache/libdnf5/fedora-cisco-openh264-65b03c203277e378" complete. Removed 0 files, 0 directories (total of 0 bytes). 0 errors
2025-12-26T14:49:01+0000 [14028] DEBUG Solv files removal from repository cache in path "/home/aidan/.cache/libdnf5/fedora-cisco-openh264-65b03c203277e378" complete. Removed 0 files, 0 directories (total of 0 bytes). 0 errors
2025-12-26T14:49:01+0000 [14028] DEBUG [librepo] lr_handle_perform: Using dir: /home/aidan/.cache/libdnf5/fedora-cisco-openh264-65b03c203277e378
2025-12-26T14:49:01+0000 [14028] DEBUG [librepo] lr_handle_perform: Using own SIGINT handler
2025-12-26T14:49:01+0000 [14028] DEBUG [librepo] lr_handle_prepare_internal_mirrorlist: Preparing internal mirrorlist
2025-12-26T14:49:01+0000 [14028] DEBUG [librepo] lr_handle_prepare_metalink: Local metalink.xml found at /home/aidan/.cache/libdnf5/fedora-cisco-openh264-65b03c203277e378/metalink.xml
2025-12-26T14:49:01+0000 [14028] DEBUG [librepo] lr_handle_prepare_metalink: Parsing metalink.xml
2025-12-26T14:49:01+0000 [14028] DEBUG [librepo] lr_handle_prepare_metalink: Mirrors from metalink:
2025-12-26T14:49:01+0000 [14028] DEBUG [librepo]   https://codecs.fedoraproject.org/openh264/43/x86_64/repodata/repomd.xml
2025-12-26T14:49:01+0000 [14028] DEBUG [librepo] lr_handle_prepare_metalink: Metalink parsed
2025-12-26T14:49:01+0000 [14028] DEBUG [librepo] lr_handle_prepare_internal_mirrorlist: Finalizing internal mirrorlist
2025-12-26T14:49:01+0000 [14028] DEBUG [librepo] lr_handle_prepare_internal_mirrorlist: Finalizing mirrors reported via LRI_MIRRORS
2025-12-26T14:49:01+0000 [14028] DEBUG [librepo] lr_handle_perform: Downloading/Locating yum repo
2025-12-26T14:49:01+0000 [14028] DEBUG [librepo] lr_yum_use_local: Locating repo..
2025-12-26T14:49:01+0000 [14028] DEBUG [librepo] lr_yum_use_local_load_base: Found local metalink: /home/aidan/.cache/libdnf5/fedora-cisco-openh264-65b03c203277e378/metalink.xml
2025-12-26T14:49:01+0000 [14028] DEBUG [librepo] lr_yum_use_local_load_base: Parsing repomd.xml
2025-12-26T14:49:01+0000 [14028] DEBUG [librepo] lr_yum_use_local_load_base: Repomd revision: 1741171556
2025-12-26T14:49:01+0000 [14028] DEBUG [librepo] lr_yum_use_local: Incomplete repository - /home/aidan/.cache/libdnf5/fedora-cisco-openh264-65b03c203277e378/repodata/fe7931412901203fb73717d3283209dcf05af265b14e78dbeaf82e20244abe69-filelists.xml.zst is missing
2025-12-26T14:49:01+0000 [14028] DEBUG [librepo] lr_handle_perform: Restoring an old SIGINT handler
2025-12-26T14:49:01+0000 [14028] DEBUG [librepo] lr_handle_perform: Using dir: /home/aidan/.cache/libdnf5/updates-431245df5652aba0
2025-12-26T14:49:01+0000 [14028] DEBUG [librepo] lr_handle_perform: Using own SIGINT handler
2025-12-26T14:49:01+0000 [14028] DEBUG [librepo] lr_handle_prepare_internal_mirrorlist: Preparing internal mirrorlist
2025-12-26T14:49:01+0000 [14028] DEBUG [librepo] lr_handle_prepare_internal_mirrorlist: Finalizing internal mirrorlist
2025-12-26T14:49:01+0000 [14028] DEBUG [librepo] lr_handle_prepare_internal_mirrorlist: Finalizing mirrors reported via LRI_MIRRORS
2025-12-26T14:49:01+0000 [14028] DEBUG [librepo] lr_handle_perform: Downloading/Locating yum repo
2025-12-26T14:49:01+0000 [14028] DEBUG [librepo] lr_yum_use_local: Locating repo..
2025-12-26T14:49:01+0000 [14028] DEBUG [librepo] lr_yum_use_local_load_base: open(/home/aidan/.cache/libdnf5/updates-431245df5652aba0/repodata/repomd.xml): No such file or directory
2025-12-26T14:49:01+0000 [14028] DEBUG [librepo] lr_handle_perform: Restoring an old SIGINT handler
2025-12-26T14:49:01+0000 [14028] DEBUG Metadata removal from repository cache in path "/home/aidan/.cache/libdnf5/updates-431245df5652aba0" complete. Removed 0 files, 0 directories (total of 0 bytes). 0 errors
2025-12-26T14:49:01+0000 [14028] DEBUG Solv files removal from repository cache in path "/home/aidan/.cache/libdnf5/updates-431245df5652aba0" complete. Removed 0 files, 0 directories (total of 0 bytes). 0 errors
2025-12-26T14:49:01+0000 [14028] DEBUG [librepo] lr_handle_perform: Using dir: /home/aidan/.cache/libdnf5/updates-431245df5652aba0
2025-12-26T14:49:01+0000 [14028] DEBUG [librepo] lr_handle_perform: Using own SIGINT handler
2025-12-26T14:49:01+0000 [14028] DEBUG [librepo] lr_handle_prepare_internal_mirrorlist: Preparing internal mirrorlist
2025-12-26T14:49:01+0000 [14028] DEBUG [librepo] lr_handle_prepare_metalink: Local metalink.xml found at /home/aidan/.cache/libdnf5/updates-431245df5652aba0/metalink.xml
2025-12-26T14:49:01+0000 [14028] DEBUG [librepo] lr_handle_prepare_metalink: Parsing metalink.xml
2025-12-26T14:49:01+0000 [14028] DEBUG [librepo] lr_handle_prepare_metalink: Mirrors from metalink:
2025-12-26T14:49:01+0000 [14028] DEBUG [librepo]   https://fedora.mirrorservice.org/fedora/linux/updates/43/Everything/x86_64/repodata/repomd.xml
2025-12-26T14:49:01+0000 [14028] DEBUG [librepo]   http://fedora.mirrorservice.org/fedora/linux/updates/43/Everything/x86_64/repodata/repomd.xml
2025-12-26T14:49:01+0000 [14028] DEBUG [librepo]   rsync://rsync.mirrorservice.org/dl.fedoraproject.org/pub/fedora/linux/updates/43/Everything/x86_64/repodata/repomd.xml
2025-12-26T14:49:01+0000 [14028] DEBUG [librepo]   https://ask4.mm.fcix.net/fedora/linux/updates/43/Everything/x86_64/repodata/repomd.xml
2025-12-26T14:49:01+0000 [14028] DEBUG [librepo]   http://ask4.mm.fcix.net/fedora/linux/updates/43/Everything/x86_64/repodata/repomd.xml
2025-12-26T14:49:01+0000 [14028] DEBUG [librepo]   rsync://ask4.mm.fcix.net/fedora-enchilada/linux/updates/43/Everything/x86_64/repodata/repomd.xml
2025-12-26T14:49:01+0000 [14028] DEBUG [librepo]   https://b4sh.mm.fcix.net/fedora/linux/updates/43/Everything/x86_64/repodata/repomd.xml
2025-12-26T14:49:01+0000 [14028] DEBUG [librepo]   http://b4sh.mm.fcix.net/fedora/linux/updates/43/Everything/x86_64/repodata/repomd.xml
2025-12-26T14:49:01+0000 [14028] DEBUG [librepo]   rsync://b4sh.mm.fcix.net/fedora-enchilada/linux/updates/43/Everything/x86_64/repodata/repomd.xml
2025-12-26T14:49:01+0000 [14028] DEBUG [librepo]   http://creeperhost.mm.fcix.net/fedora/linux/updates/43/Everything/x86_64/repodata/repomd.xml
2025-12-26T14:49:01+0000 [14028] DEBUG [librepo]   https://creeperhost.mm.fcix.net/fedora/linux/updates/43/Everything/x86_64/repodata/repomd.xml
2025-12-26T14:49:01+0000 [14028] DEBUG [librepo]   rsync://creeperhost.mm.fcix.net/fedora-enchilada/linux/updates/43/Everything/x86_64/repodata/repomd.xml
2025-12-26T14:49:01+0000 [14028] DEBUG [librepo]   http://mirror.slu.cz/fedora/linux/updates/43/Everything/x86_64/repodata/repomd.xml
2025-12-26T14:49:01+0000 [14028] DEBUG [librepo]   rsync://mirror.slu.cz/fedora/linux/updates/43/Everything/x86_64/repodata/repomd.xml
2025-12-26T14:49:01+0000 [14028] DEBUG [librepo]   https://mirror.slu.cz/fedora/linux/updates/43/Everything/x86_64/repodata/repomd.xml
2025-12-26T14:49:01+0000 [14028] DEBUG [librepo]   https://fr2.rpmfind.net/linux/fedora/linux/updates/43/Everything/x86_64/repodata/repomd.xml
2025-12-26T14:49:01+0000 [14028] DEBUG [librepo]   http://fr2.rpmfind.net/linux/fedora/linux/updates/43/Everything/x86_64/repodata/repomd.xml
2025-12-26T14:49:01+0000 [14028] DEBUG [librepo]   rsync://fr2.rpmfind.net/linux/fedora/linux/updates/43/Everything/x86_64/repodata/repomd.xml
2025-12-26T14:49:01+0000 [14028] DEBUG [librepo]   rsync://mirrors.dotsrc.org/fedora-enchilada/linux/updates/43/Everything/x86_64/repodata/repomd.xml
2025-12-26T14:49:01+0000 [14028] DEBUG [librepo]   http://mirrors.dotsrc.org/fedora-enchilada/linux/updates/43/Everything/x86_64/repodata/repomd.xml
2025-12-26T14:49:01+0000 [14028] DEBUG [librepo]   https://mirrors.dotsrc.org/fedora-enchilada/linux/updates/43/Everything/x86_64/repodata/repomd.xml
2025-12-26T14:49:01+0000 [14028] DEBUG [librepo]   https://ftp-stud.hs-esslingen.de/pub/fedora/linux/updates/43/Everything/x86_64/repodata/repomd.xml
2025-12-26T14:49:01+0000 [14028] DEBUG [librepo]   rsync://ftp-stud.hs-esslingen.de/fedora/linux/updates/43/Everything/x86_64/repodata/repomd.xml
2025-12-26T14:49:01+0000 [14028] DEBUG [librepo]   http://ftp-stud.hs-esslingen.de/pub/fedora/linux/updates/43/Everything/x86_64/repodata/repomd.xml
2025-12-26T14:49:01+0000 [14028] DEBUG [librepo]   https://mirrors.xtom.ee/fedora/updates/43/Everything/x86_64/repodata/repomd.xml
2025-12-26T14:49:01+0000 [14028] DEBUG [librepo]   rsync://mirrors.xtom.ee/fedora/updates/43/Everything/x86_64/repodata/repomd.xml
2025-12-26T14:49:01+0000 [14028] DEBUG [librepo]   http://mirrors.xtom.ee/fedora/updates/43/Everything/x86_64/repodata/repomd.xml
2025-12-26T14:49:01+0000 [14028] DEBUG [librepo]   rsync://ftp.uni-stuttgart.de/fedora/updates/43/Everything/x86_64/repodata/repomd.xml
2025-12-26T14:49:01+0000 [14028] DEBUG [librepo]   https://ftp.uni-stuttgart.de/fedora/updates/43/Everything/x86_64/repodata/repomd.xml
2025-12-26T14:49:01+0000 [14028] DEBUG [librepo]   http://ftp.uni-stuttgart.de/fedora/updates/43/Everything/x86_64/repodata/repomd.xml
2025-12-26T14:49:01+0000 [14028] DEBUG [librepo]   http://ftp.fau.de/fedora/linux/updates/43/Everything/x86_64/repodata/repomd.xml
2025-12-26T14:49:01+0000 [14028] DEBUG [librepo]   https://ftp.fau.de/fedora/linux/updates/43/Everything/x86_64/repodata/repomd.xml
2025-12-26T14:49:01+0000 [14028] DEBUG [librepo]   rsync://ftp.fau.de/fedora/linux/updates/43/Everything/x86_64/repodata/repomd.xml
2025-12-26T14:49:01+0000 [14028] DEBUG [librepo]   https://mirrors.nxthost.com/fedora/updates/43/Everything/x86_64/repodata/repomd.xml
2025-12-26T14:49:01+0000 [14028] DEBUG [librepo]   http://mirrors.nxthost.com/fedora/updates/43/Everything/x86_64/repodata/repomd.xml
2025-12-26T14:49:01+0000 [14028] DEBUG [librepo]   rsync://mirrors.nxthost.com/fedora/updates/43/Everything/x86_64/repodata/repomd.xml
2025-12-26T14:49:01+0000 [14028] DEBUG [librepo]   rsync://fedora.tu-chemnitz.de/ftp/pub/linux/fedora/linux/updates/43/Everything/x86_64/repodata/repomd.xml
2025-12-26T14:49:01+0000 [14028] DEBUG [librepo]   http://fedora.tu-chemnitz.de/pub/linux/fedora/linux/updates/43/Everything/x86_64/repodata/repomd.xml
2025-12-26T14:49:01+0000 [14028] DEBUG [librepo]   http://mirror.23m.com/fedora/linux/updates/43/Everything/x86_64/repodata/repomd.xml
2025-12-26T14:49:01+0000 [14028] DEBUG [librepo]   https://mirror.23m.com/fedora/linux/updates/43/Everything/x86_64/repodata/repomd.xml
2025-12-26T14:49:01+0000 [14028] DEBUG [librepo]   rsync://mirror.23m.com/fedora/linux/updates/43/Everything/x86_64/repodata/repomd.xml
2025-12-26T14:49:01+0000 [14028] DEBUG [librepo]   http://ftp.sh.cvut.cz/fedora/linux/updates/43/Everything/x86_64/repodata/repomd.xml
2025-12-26T14:49:01+0000 [14028] DEBUG [librepo]   https://ftp.sh.cvut.cz/fedora/linux/updates/43/Everything/x86_64/repodata/repomd.xml
2025-12-26T14:49:01+0000 [14028] DEBUG [librepo]   rsync://ftp.sh.cvut.cz/fedora/linux/updates/43/Everything/x86_64/repodata/repomd.xml
2025-12-26T14:49:01+0000 [14028] DEBUG [librepo]   http://fedora.ipacct.com/fedora/linux/updates/43/Everything/x86_64/repodata/repomd.xml
2025-12-26T14:49:01+0000 [14028] DEBUG [librepo]   https://fedora.ipacct.com/fedora/linux/updates/43/Everything/x86_64/repodata/repomd.xml
2025-12-26T14:49:01+0000 [14028] DEBUG [librepo]   rsync://fedora.ipacct.com/fedora/linux/updates/43/Everything/x86_64/repodata/repomd.xml
2025-12-26T14:49:01+0000 [14028] DEBUG [librepo]   https://mirrors.xtom.de/fedora/updates/43/Everything/x86_64/repodata/repomd.xml
2025-12-26T14:49:01+0000 [14028] DEBUG [librepo]   http://mirrors.xtom.de/fedora/updates/43/Everything/x86_64/repodata/repomd.xml
2025-12-26T14:49:01+0000 [14028] DEBUG [librepo]   rsync://mirrors.xtom.de/fedora/updates/43/Everything/x86_64/repodata/repomd.xml
2025-12-26T14:49:01+0000 [14028] DEBUG [librepo]   http://fedora.ip-connect.info/linux/updates/43/Everything/x86_64/repodata/repomd.xml
2025-12-26T14:49:01+0000 [14028] DEBUG [librepo]   https://fedora.ip-connect.info/linux/updates/43/Everything/x86_64/repodata/repomd.xml
2025-12-26T14:49:01+0000 [14028] DEBUG [librepo]   rsync://fedora.ip-connect.info/fedora/linux/updates/43/Everything/x86_64/repodata/repomd.xml
2025-12-26T14:49:01+0000 [14028] DEBUG [librepo]   http://mirror.in2p3.fr/pub/fedora/linux/updates/43/Everything/x86_64/repodata/repomd.xml
2025-12-26T14:49:01+0000 [14028] DEBUG [librepo]   rsync://mirror.in2p3.fr/pub/fedora/linux/updates/43/Everything/x86_64/repodata/repomd.xml
2025-12-26T14:49:01+0000 [14028] DEBUG [librepo]   https://mirror.in2p3.fr/pub/fedora/linux/updates/43/Everything/x86_64/repodata/repomd.xml
2025-12-26T14:49:01+0000 [14028] DEBUG [librepo]   rsync://mirror.i3d.net/fedora/linux/updates/43/Everything/x86_64/repodata/repomd.xml
2025-12-26T14:49:01+0000 [14028] DEBUG [librepo]   https://mirror.i3d.net/pub/fedora/linux/updates/43/Everything/x86_64/repodata/repomd.xml
2025-12-26T14:49:01+0000 [14028] DEBUG [librepo]   http://mirror.i3d.net/pub/fedora/linux/updates/43/Everything/x86_64/repodata/repomd.xml
2025-12-26T14:49:01+0000 [14028] DEBUG [librepo]   https://ftp.upjs.sk/pub/fedora/linux/updates/43/Everything/x86_64/repodata/repomd.xml
2025-12-26T14:49:01+0000 [14028] DEBUG [librepo]   http://ftp.upjs.sk/pub/fedora/linux/updates/43/Everything/x86_64/repodata/repomd.xml
2025-12-26T14:49:01+0000 [14028] DEBUG [librepo]   rsync://ftp.upjs.sk/pub/fedora/linux/updates/43/Everything/x86_64/repodata/repomd.xml
2025-12-26T14:49:01+0000 [14028] DEBUG [librepo]   https://ftp.lysator.liu.se/pub/fedora/linux/updates/43/Everything/x86_64/repodata/repomd.xml
2025-12-26T14:49:01+0000 [14028] DEBUG [librepo]   http://ftp.lysator.liu.se/pub/fedora/linux/updates/43/Everything/x86_64/repodata/repomd.xml
2025-12-26T14:49:01+0000 [14028] DEBUG [librepo]   rsync://ftp.lysator.liu.se/pub/fedora/linux/updates/43/Everything/x86_64/repodata/repomd.xml
2025-12-26T14:49:01+0000 [14028] DEBUG [librepo]   http://ftp.uni-bayreuth.de/linux/fedora/linux/updates/43/Everything/x86_64/repodata/repomd.xml
2025-12-26T14:49:01+0000 [14028] DEBUG [librepo]   rsync://rsync.uni-bayreuth.de/fedora-enchilada/linux/updates/43/Everything/x86_64/repodata/repomd.xml
2025-12-26T14:49:01+0000 [14028] DEBUG [librepo]   rsync://mirror.netsite.dk/fedora/updates/43/Everything/x86_64/repodata/repomd.xml
2025-12-26T14:49:01+0000 [14028] DEBUG [librepo]   https://mirror.netsite.dk/fedora/linux/updates/43/Everything/x86_64/repodata/repomd.xml
2025-12-26T14:49:01+0000 [14028] DEBUG [librepo]   http://mirror.netsite.dk/fedora/linux/updates/43/Everything/x86_64/repodata/repomd.xml
2025-12-26T14:49:01+0000 [14028] DEBUG [librepo]   https://fedora.ip-connect.vn.ua/linux/updates/43/Everything/x86_64/repodata/repomd.xml
2025-12-26T14:49:01+0000 [14028] DEBUG [librepo]   rsync://fedora.ip-connect.vn.ua/fedora/linux/updates/43/Everything/x86_64/repodata/repomd.xml
2025-12-26T14:49:01+0000 [14028] DEBUG [librepo]   http://fedora.ip-connect.vn.ua/linux/updates/43/Everything/x86_64/repodata/repomd.xml
2025-12-26T14:49:01+0000 [14028] DEBUG [librepo]   https://mirror.plusline.net/fedora/linux/updates/43/Everything/x86_64/repodata/repomd.xml
2025-12-26T14:49:01+0000 [14028] DEBUG [librepo]   rsync://mirror.plusline.net/fedora/linux/updates/43/Everything/x86_64/repodata/repomd.xml
2025-12-26T14:49:01+0000 [14028] DEBUG [librepo]   http://mirror.plusline.net/fedora/linux/updates/43/Everything/x86_64/repodata/repomd.xml
2025-12-26T14:49:01+0000 [14028] DEBUG [librepo]   rsync://mirror.nl.leaseweb.net/fedora/linux/updates/43/Everything/x86_64/repodata/repomd.xml
2025-12-26T14:49:01+0000 [14028] DEBUG [librepo]   http://mirror.nl.leaseweb.net/fedora/linux/updates/43/Everything/x86_64/repodata/repomd.xml
2025-12-26T14:49:01+0000 [14028] DEBUG [librepo]   rsync://rsync.nic.funet.fi/ftp/pub/mirrors/fedora.redhat.com/pub/fedora/linux/updates/43/Everything/x86_64/repodata/repomd.xml
2025-12-26T14:49:01+0000 [14028] DEBUG [librepo]   http://www.nic.funet.fi/pub/mirrors/fedora.redhat.com/pub/fedora/linux/updates/43/Everything/x86_64/repodata/repomd.xml
2025-12-26T14:49:01+0000 [14028] DEBUG [librepo]   http://mirror.bahnhof.net/pub/fedora/linux/updates/43/Everything/x86_64/repodata/repomd.xml
2025-12-26T14:49:01+0000 [14028] DEBUG [librepo]   https://mirror.bahnhof.net/pub/fedora/linux/updates/43/Everything/x86_64/repodata/repomd.xml
2025-12-26T14:49:01+0000 [14028] DEBUG [librepo]   rsync://mirror.karneval.cz/fedora/linux/updates/43/Everything/x86_64/repodata/repomd.xml
2025-12-26T14:49:01+0000 [14028] DEBUG [librepo]   https://mirror.karneval.cz/pub/linux/fedora/linux/updates/43/Everything/x86_64/repodata/repomd.xml
2025-12-26T14:49:01+0000 [14028] DEBUG [librepo]   http://mirror.yandex.ru/fedora/linux/updates/43/Everything/x86_64/repodata/repomd.xml
2025-12-26T14:49:01+0000 [14028] DEBUG [librepo]   rsync://mirror.yandex.ru/fedora/linux/updates/43/Everything/x86_64/repodata/repomd.xml
2025-12-26T14:49:01+0000 [14028] DEBUG [librepo]   https://mirror.yandex.ru/fedora/linux/updates/43/Everything/x86_64/repodata/repomd.xml
2025-12-26T14:49:01+0000 [14028] DEBUG [librepo]   https://eu.edge.kernel.org/fedora/updates/43/Everything/x86_64/repodata/repomd.xml
2025-12-26T14:49:01+0000 [14028] DEBUG [librepo]   http://fedora.mirror.liteserver.nl/linux/updates/43/Everything/x86_64/repodata/repomd.xml
2025-12-26T14:49:01+0000 [14028] DEBUG [librepo]   rsync://mirror.liteserver.nl/fedora/linux/updates/43/Everything/x86_64/repodata/repomd.xml
2025-12-26T14:49:01+0000 [14028] DEBUG [librepo]   https://fedora.mirror.liteserver.nl/linux/updates/43/Everything/x86_64/repodata/repomd.xml
2025-12-26T14:49:01+0000 [14028] DEBUG [librepo]   https://distrohub.kyiv.ua/fedora/fedora/linux/updates/43/Everything/x86_64/repodata/repomd.xml
2025-12-26T14:49:01+0000 [14028] DEBUG [librepo]   rsync://distrohub.kyiv.ua/fedora/fedora/linux/updates/43/Everything/x86_64/repodata/repomd.xml
2025-12-26T14:49:01+0000 [14028] DEBUG [librepo]   http://distrohub.kyiv.ua/fedora/fedora/linux/updates/43/Everything/x86_64/repodata/repomd.xml
2025-12-26T14:49:01+0000 [14028] DEBUG [librepo]   rsync://fedora-mirror02.rbc.ru/fedora-enchilada/updates/43/Everything/x86_64/repodata/repomd.xml
2025-12-26T14:49:01+0000 [14028] DEBUG [librepo]   http://fedora-mirror02.rbc.ru/pub/fedora/linux/updates/43/Everything/x86_64/repodata/repomd.xml
2025-12-26T14:49:01+0000 [14028] DEBUG [librepo]   https://mirror.imt-systems.com/fedora/linux/updates/43/Everything/x86_64/repodata/repomd.xml
2025-12-26T14:49:01+0000 [14028] DEBUG [librepo]   rsync://mirror.imt-systems.com/fedora/linux/updates/43/Everything/x86_64/repodata/repomd.xml
2025-12-26T14:49:01+0000 [14028] DEBUG [librepo]   http://mirror.imt-systems.com/fedora/linux/updates/43/Everything/x86_64/repodata/repomd.xml
2025-12-26T14:49:01+0000 [14028] DEBUG [librepo]   rsync://distrib-coffee.ipsl.jussieu.fr/pub/linux/fedora/linux/updates/43/Everything/x86_64/repodata/repomd.xml
2025-12-26T14:49:01+0000 [14028] DEBUG [librepo]   http://distrib-coffee.ipsl.jussieu.fr/pub/linux/fedora/linux/updates/43/Everything/x86_64/repodata/repomd.xml
2025-12-26T14:49:01+0000 [14028] DEBUG [librepo]   https://mirror.maeen.sa/fedora/updates/43/Everything/x86_64/repodata/repomd.xml
2025-12-26T14:49:01+0000 [14028] DEBUG [librepo]   http://mirror.maeen.sa/fedora/updates/43/Everything/x86_64/repodata/repomd.xml
2025-12-26T14:49:01+0000 [14028] DEBUG [librepo]   rsync://mirror.maeen.sa/fedora/updates/43/Everything/x86_64/repodata/repomd.xml
2025-12-26T14:49:01+0000 [14028] DEBUG [librepo]   http://mirror.dogado.de/fedora/linux/updates/43/Everything/x86_64/repodata/repomd.xml
2025-12-26T14:49:01+0000 [14028] DEBUG [librepo]   https://mirror.dogado.de/fedora/linux/updates/43/Everything/x86_64/repodata/repomd.xml
2025-12-26T14:49:01+0000 [14028] DEBUG [librepo]   rsync://mirror.dogado.de/fedora/linux/updates/43/Everything/x86_64/repodata/repomd.xml
2025-12-26T14:49:01+0000 [14028] DEBUG [librepo]   https://mirrors.n-ix.net/fedora/linux/updates/43/Everything/x86_64/repodata/repomd.xml
2025-12-26T14:49:01+0000 [14028] DEBUG [librepo]   rsync://mirrors.n-ix.net/fedora/updates/43/Everything/x86_64/repodata/repomd.xml
2025-12-26T14:49:01+0000 [14028] DEBUG [librepo]   http://mirrors.n-ix.net/fedora/linux/updates/43/Everything/x86_64/repodata/repomd.xml
2025-12-26T14:49:01+0000 [14028] DEBUG [librepo]   http://mirrors.chroot.ro/fedora/linux/updates/43/Everything/x86_64/repodata/repomd.xml
2025-12-26T14:49:01+0000 [14028] DEBUG [librepo]   http://ftp.otenet.gr/linux/fedora/linux/updates/43/Everything/x86_64/repodata/repomd.xml
2025-12-26T14:49:01+0000 [14028] DEBUG [librepo] lr_handle_prepare_metalink: Metalink parsed
2025-12-26T14:49:01+0000 [14028] DEBUG [librepo] lr_handle_prepare_internal_mirrorlist: Finalizing internal mirrorlist
2025-12-26T14:49:01+0000 [14028] DEBUG [librepo] lr_handle_prepare_internal_mirrorlist: Finalizing mirrors reported via LRI_MIRRORS
2025-12-26T14:49:01+0000 [14028] DEBUG [librepo] lr_handle_perform: Downloading/Locating yum repo
2025-12-26T14:49:01+0000 [14028] DEBUG [librepo] lr_yum_use_local: Locating repo..
2025-12-26T14:49:01+0000 [14028] DEBUG [librepo] lr_yum_use_local_load_base: Found local metalink: /home/aidan/.cache/libdnf5/updates-431245df5652aba0/metalink.xml
2025-12-26T14:49:01+0000 [14028] DEBUG [librepo] lr_yum_use_local_load_base: Parsing repomd.xml
2025-12-26T14:49:01+0000 [14028] DEBUG [librepo] lr_yum_use_local_load_base: Repomd revision: 1766708413
2025-12-26T14:49:01+0000 [14028] DEBUG [librepo] Found primary_zck so using instead of primary
2025-12-26T14:49:01+0000 [14028] DEBUG [librepo] Found filelists_zck so using instead of filelists
2025-12-26T14:49:01+0000 [14028] DEBUG [librepo] Found updateinfo_zck so using instead of updateinfo
2025-12-26T14:49:01+0000 [14028] DEBUG [librepo] lr_yum_use_local: Incomplete repository - /home/aidan/.cache/libdnf5/updates-431245df5652aba0/repodata/e7b8572deda56ec51c971068b49fb98338858b92fe0cfb160af1a1b68c364cb5-filelists.xml.zck is missing
2025-12-26T14:49:01+0000 [14028] DEBUG [librepo] lr_handle_perform: Restoring an old SIGINT handler
2025-12-26T14:49:01+0000 [14028] DEBUG [librepo] lr_handle_perform: Using dir: /home/aidan/.cache/libdnf5/fedora-fe4b228be7d3c150
2025-12-26T14:49:01+0000 [14028] DEBUG [librepo] lr_handle_perform: Using own SIGINT handler
2025-12-26T14:49:01+0000 [14028] DEBUG [librepo] lr_handle_prepare_internal_mirrorlist: Preparing internal mirrorlist
2025-12-26T14:49:01+0000 [14028] DEBUG [librepo] lr_handle_prepare_internal_mirrorlist: Finalizing internal mirrorlist
2025-12-26T14:49:01+0000 [14028] DEBUG [librepo] lr_handle_prepare_internal_mirrorlist: Finalizing mirrors reported via LRI_MIRRORS
2025-12-26T14:49:01+0000 [14028] DEBUG [librepo] lr_handle_perform: Downloading/Locating yum repo
2025-12-26T14:49:01+0000 [14028] DEBUG [librepo] lr_yum_use_local: Locating repo..
2025-12-26T14:49:01+0000 [14028] DEBUG [librepo] lr_yum_use_local_load_base: open(/home/aidan/.cache/libdnf5/fedora-fe4b228be7d3c150/repodata/repomd.xml): No such file or directory
2025-12-26T14:49:01+0000 [14028] DEBUG [librepo] lr_handle_perform: Restoring an old SIGINT handler
2025-12-26T14:49:01+0000 [14028] DEBUG Metadata removal from repository cache in path "/home/aidan/.cache/libdnf5/fedora-fe4b228be7d3c150" complete. Removed 0 files, 0 directories (total of 0 bytes). 0 errors
2025-12-26T14:49:01+0000 [14028] DEBUG Solv files removal from repository cache in path "/home/aidan/.cache/libdnf5/fedora-fe4b228be7d3c150" complete. Removed 0 files, 0 directories (total of 0 bytes). 0 errors
2025-12-26T14:49:01+0000 [14028] DEBUG [librepo] lr_handle_perform: Using dir: /home/aidan/.cache/libdnf5/fedora-fe4b228be7d3c150
2025-12-26T14:49:01+0000 [14028] DEBUG [librepo] lr_handle_perform: Using own SIGINT handler
2025-12-26T14:49:01+0000 [14028] DEBUG [librepo] lr_handle_prepare_internal_mirrorlist: Preparing internal mirrorlist
2025-12-26T14:49:01+0000 [14028] DEBUG [librepo] lr_handle_prepare_metalink: Local metalink.xml found at /home/aidan/.cache/libdnf5/fedora-fe4b228be7d3c150/metalink.xml
2025-12-26T14:49:01+0000 [14028] DEBUG [librepo] lr_handle_prepare_metalink: Parsing metalink.xml
2025-12-26T14:49:01+0000 [14028] DEBUG [librepo] lr_handle_prepare_metalink: Mirrors from metalink:
2025-12-26T14:49:01+0000 [14028] DEBUG [librepo]   https://ask4.mm.fcix.net/fedora/linux/releases/43/Everything/x86_64/os/repodata/repomd.xml
2025-12-26T14:49:01+0000 [14028] DEBUG [librepo]   http://ask4.mm.fcix.net/fedora/linux/releases/43/Everything/x86_64/os/repodata/repomd.xml
2025-12-26T14:49:01+0000 [14028] DEBUG [librepo]   rsync://ask4.mm.fcix.net/fedora-enchilada/linux/releases/43/Everything/x86_64/os/repodata/repomd.xml
2025-12-26T14:49:01+0000 [14028] DEBUG [librepo]   https://fedora.mirrorservice.org/fedora/linux/releases/43/Everything/x86_64/os/repodata/repomd.xml
2025-12-26T14:49:01+0000 [14028] DEBUG [librepo]   http://fedora.mirrorservice.org/fedora/linux/releases/43/Everything/x86_64/os/repodata/repomd.xml
2025-12-26T14:49:01+0000 [14028] DEBUG [librepo]   rsync://rsync.mirrorservice.org/dl.fedoraproject.org/pub/fedora/linux/releases/43/Everything/x86_64/os/repodata/repomd.xml
2025-12-26T14:49:01+0000 [14028] DEBUG [librepo]   https://b4sh.mm.fcix.net/fedora/linux/releases/43/Everything/x86_64/os/repodata/repomd.xml
2025-12-26T14:49:01+0000 [14028] DEBUG [librepo]   http://b4sh.mm.fcix.net/fedora/linux/releases/43/Everything/x86_64/os/repodata/repomd.xml
2025-12-26T14:49:01+0000 [14028] DEBUG [librepo]   rsync://b4sh.mm.fcix.net/fedora-enchilada/linux/releases/43/Everything/x86_64/os/repodata/repomd.xml
2025-12-26T14:49:01+0000 [14028] DEBUG [librepo]   http://creeperhost.mm.fcix.net/fedora/linux/releases/43/Everything/x86_64/os/repodata/repomd.xml
2025-12-26T14:49:01+0000 [14028] DEBUG [librepo]   https://creeperhost.mm.fcix.net/fedora/linux/releases/43/Everything/x86_64/os/repodata/repomd.xml
2025-12-26T14:49:01+0000 [14028] DEBUG [librepo]   rsync://creeperhost.mm.fcix.net/fedora-enchilada/linux/releases/43/Everything/x86_64/os/repodata/repomd.xml
2025-12-26T14:49:01+0000 [14028] DEBUG [librepo]   rsync://mirror.netsite.dk/fedora/releases/43/Everything/x86_64/os/repodata/repomd.xml
2025-12-26T14:49:01+0000 [14028] DEBUG [librepo]   https://mirror.netsite.dk/fedora/linux/releases/43/Everything/x86_64/os/repodata/repomd.xml
2025-12-26T14:49:01+0000 [14028] DEBUG [librepo]   http://mirror.netsite.dk/fedora/linux/releases/43/Everything/x86_64/os/repodata/repomd.xml
2025-12-26T14:49:01+0000 [14028] DEBUG [librepo]   https://www.fedora.is/fedora/releases/43/Everything/x86_64/os/repodata/repomd.xml
2025-12-26T14:49:01+0000 [14028] DEBUG [librepo]   http://www.fedora.is/fedora/releases/43/Everything/x86_64/os/repodata/repomd.xml
2025-12-26T14:49:01+0000 [14028] DEBUG [librepo]   rsync://www.fedora.is/fedora/releases/43/Everything/x86_64/os/repodata/repomd.xml
2025-12-26T14:49:01+0000 [14028] DEBUG [librepo]   rsync://mirrors.dotsrc.org/fedora-enchilada/linux/releases/43/Everything/x86_64/os/repodata/repomd.xml
2025-12-26T14:49:01+0000 [14028] DEBUG [librepo]   http://mirrors.dotsrc.org/fedora-enchilada/linux/releases/43/Everything/x86_64/os/repodata/repomd.xml
2025-12-26T14:49:01+0000 [14028] DEBUG [librepo]   https://mirrors.dotsrc.org/fedora-enchilada/linux/releases/43/Everything/x86_64/os/repodata/repomd.xml
2025-12-26T14:49:01+0000 [14028] DEBUG [librepo]   https://eu.edge.kernel.org/fedora/releases/43/Everything/x86_64/os/repodata/repomd.xml
2025-12-26T14:49:01+0000 [14028] DEBUG [librepo]   http://fedora.ip-connect.info/linux/releases/43/Everything/x86_64/os/repodata/repomd.xml
2025-12-26T14:49:01+0000 [14028] DEBUG [librepo]   https://fedora.ip-connect.info/linux/releases/43/Everything/x86_64/os/repodata/repomd.xml
2025-12-26T14:49:01+0000 [14028] DEBUG [librepo]   rsync://fedora.ip-connect.info/fedora/linux/releases/43/Everything/x86_64/os/repodata/repomd.xml
2025-12-26T14:49:01+0000 [14028] DEBUG [librepo]   http://fedora.mirror.liteserver.nl/linux/releases/43/Everything/x86_64/os/repodata/repomd.xml
2025-12-26T14:49:01+0000 [14028] DEBUG [librepo]   rsync://mirror.liteserver.nl/fedora/linux/releases/43/Everything/x86_64/os/repodata/repomd.xml
2025-12-26T14:49:01+0000 [14028] DEBUG [librepo]   https://fedora.mirror.liteserver.nl/linux/releases/43/Everything/x86_64/os/repodata/repomd.xml
2025-12-26T14:49:01+0000 [14028] DEBUG [librepo]   http://ftp.sh.cvut.cz/fedora/linux/releases/43/Everything/x86_64/os/repodata/repomd.xml
2025-12-26T14:49:01+0000 [14028] DEBUG [librepo]   https://ftp.sh.cvut.cz/fedora/linux/releases/43/Everything/x86_64/os/repodata/repomd.xml
2025-12-26T14:49:01+0000 [14028] DEBUG [librepo]   rsync://ftp.sh.cvut.cz/fedora/linux/releases/43/Everything/x86_64/os/repodata/repomd.xml
2025-12-26T14:49:01+0000 [14028] DEBUG [librepo]   https://mirrors.nxthost.com/fedora/releases/43/Everything/x86_64/os/repodata/repomd.xml
2025-12-26T14:49:01+0000 [14028] DEBUG [librepo]   http://mirrors.nxthost.com/fedora/releases/43/Everything/x86_64/os/repodata/repomd.xml
2025-12-26T14:49:01+0000 [14028] DEBUG [librepo]   rsync://mirrors.nxthost.com/fedora/releases/43/Everything/x86_64/os/repodata/repomd.xml
2025-12-26T14:49:01+0000 [14028] DEBUG [librepo]   http://mirror.bahnhof.net/pub/fedora/linux/releases/43/Everything/x86_64/os/repodata/repomd.xml
2025-12-26T14:49:01+0000 [14028] DEBUG [librepo]   https://mirror.bahnhof.net/pub/fedora/linux/releases/43/Everything/x86_64/os/repodata/repomd.xml
2025-12-26T14:49:01+0000 [14028] DEBUG [librepo]   http://mirror.accum.se/mirror/fedora/linux/releases/43/Everything/x86_64/os/repodata/repomd.xml
2025-12-26T14:49:01+0000 [14028] DEBUG [librepo]   rsync://mirror.accum.se/mirror/fedora/linux/releases/43/Everything/x86_64/os/repodata/repomd.xml
2025-12-26T14:49:01+0000 [14028] DEBUG [librepo]   https://mirror.accum.se/mirror/fedora/linux/releases/43/Everything/x86_64/os/repodata/repomd.xml
2025-12-26T14:49:01+0000 [14028] DEBUG [librepo]   rsync://fedora.tu-chemnitz.de/ftp/pub/linux/fedora/linux/releases/43/Everything/x86_64/os/repodata/repomd.xml
2025-12-26T14:49:01+0000 [14028] DEBUG [librepo]   http://fedora.tu-chemnitz.de/pub/linux/fedora/linux/releases/43/Everything/x86_64/os/repodata/repomd.xml
2025-12-26T14:49:01+0000 [14028] DEBUG [librepo]   http://mirror.slu.cz/fedora/linux/releases/43/Everything/x86_64/os/repodata/repomd.xml
2025-12-26T14:49:01+0000 [14028] DEBUG [librepo]   rsync://mirror.slu.cz/fedora/linux/releases/43/Everything/x86_64/os/repodata/repomd.xml
2025-12-26T14:49:01+0000 [14028] DEBUG [librepo]   https://mirror.slu.cz/fedora/linux/releases/43/Everything/x86_64/os/repodata/repomd.xml
2025-12-26T14:49:01+0000 [14028] DEBUG [librepo]   https://fedora.ip-connect.vn.ua/linux/releases/43/Everything/x86_64/os/repodata/repomd.xml
2025-12-26T14:49:01+0000 [14028] DEBUG [librepo]   rsync://fedora.ip-connect.vn.ua/fedora/linux/releases/43/Everything/x86_64/os/repodata/repomd.xml
2025-12-26T14:49:01+0000 [14028] DEBUG [librepo]   http://fedora.ip-connect.vn.ua/linux/releases/43/Everything/x86_64/os/repodata/repomd.xml
2025-12-26T14:49:01+0000 [14028] DEBUG [librepo]   http://ftp.cica.es/fedora/linux/releases/43/Everything/x86_64/os/repodata/repomd.xml
2025-12-26T14:49:01+0000 [14028] DEBUG [librepo]   rsync://rsync.cica.es/fedora-linux/releases/43/Everything/x86_64/os/repodata/repomd.xml
2025-12-26T14:49:01+0000 [14028] DEBUG [librepo]   http://fedora.mirror.root.lu/releases/43/Everything/x86_64/os/repodata/repomd.xml
2025-12-26T14:49:01+0000 [14028] DEBUG [librepo]   rsync://mirror.karneval.cz/fedora/linux/releases/43/Everything/x86_64/os/repodata/repomd.xml
2025-12-26T14:49:01+0000 [14028] DEBUG [librepo]   https://mirror.karneval.cz/pub/linux/fedora/linux/releases/43/Everything/x86_64/os/repodata/repomd.xml
2025-12-26T14:49:01+0000 [14028] DEBUG [librepo]   https://mirrors.xtom.ee/fedora/releases/43/Everything/x86_64/os/repodata/repomd.xml
2025-12-26T14:49:01+0000 [14028] DEBUG [librepo]   rsync://mirrors.xtom.ee/fedora/releases/43/Everything/x86_64/os/repodata/repomd.xml
2025-12-26T14:49:01+0000 [14028] DEBUG [librepo]   http://mirrors.xtom.ee/fedora/releases/43/Everything/x86_64/os/repodata/repomd.xml
2025-12-26T14:49:01+0000 [14028] DEBUG [librepo]   https://ftp.lysator.liu.se/pub/fedora/linux/releases/43/Everything/x86_64/os/repodata/repomd.xml
2025-12-26T14:49:01+0000 [14028] DEBUG [librepo]   http://ftp.lysator.liu.se/pub/fedora/linux/releases/43/Everything/x86_64/os/repodata/repomd.xml
2025-12-26T14:49:01+0000 [14028] DEBUG [librepo]   rsync://ftp.lysator.liu.se/pub/fedora/linux/releases/43/Everything/x86_64/os/repodata/repomd.xml
2025-12-26T14:49:01+0000 [14028] DEBUG [librepo]   http://fedora.ipacct.com/fedora/linux/releases/43/Everything/x86_64/os/repodata/repomd.xml
2025-12-26T14:49:01+0000 [14028] DEBUG [librepo]   https://fedora.ipacct.com/fedora/linux/releases/43/Everything/x86_64/os/repodata/repomd.xml
2025-12-26T14:49:01+0000 [14028] DEBUG [librepo]   rsync://fedora.ipacct.com/fedora/linux/releases/43/Everything/x86_64/os/repodata/repomd.xml
2025-12-26T14:49:01+0000 [14028] DEBUG [librepo]   http://ftp.fau.de/fedora/linux/releases/43/Everything/x86_64/os/repodata/repomd.xml
2025-12-26T14:49:01+0000 [14028] DEBUG [librepo]   https://ftp.fau.de/fedora/linux/releases/43/Everything/x86_64/os/repodata/repomd.xml
2025-12-26T14:49:01+0000 [14028] DEBUG [librepo]   rsync://ftp.fau.de/fedora/linux/releases/43/Everything/x86_64/os/repodata/repomd.xml
2025-12-26T14:49:01+0000 [14028] DEBUG [librepo]   rsync://fedora-mirror02.rbc.ru/fedora-enchilada/releases/43/Everything/x86_64/os/repodata/repomd.xml
2025-12-26T14:49:01+0000 [14028] DEBUG [librepo]   http://fedora-mirror02.rbc.ru/pub/fedora/linux/releases/43/Everything/x86_64/os/repodata/repomd.xml
2025-12-26T14:49:01+0000 [14028] DEBUG [librepo]   https://fr2.rpmfind.net/linux/fedora/linux/releases/43/Everything/x86_64/os/repodata/repomd.xml
2025-12-26T14:49:01+0000 [14028] DEBUG [librepo]   http://fr2.rpmfind.net/linux/fedora/linux/releases/43/Everything/x86_64/os/repodata/repomd.xml
2025-12-26T14:49:01+0000 [14028] DEBUG [librepo]   rsync://fr2.rpmfind.net/linux/fedora/linux/releases/43/Everything/x86_64/os/repodata/repomd.xml
2025-12-26T14:49:01+0000 [14028] DEBUG [librepo]   http://mirror.netzwerge.de/fedora/linux/releases/43/Everything/x86_64/os/repodata/repomd.xml
2025-12-26T14:49:01+0000 [14028] DEBUG [librepo]   https://mirror.netzwerge.de/fedora/linux/releases/43/Everything/x86_64/os/repodata/repomd.xml
2025-12-26T14:49:01+0000 [14028] DEBUG [librepo]   rsync://mirror.netzwerge.de/fedora/linux/releases/43/Everything/x86_64/os/repodata/repomd.xml
2025-12-26T14:49:01+0000 [14028] DEBUG [librepo]   https://mirrors.xtom.de/fedora/releases/43/Everything/x86_64/os/repodata/repomd.xml
2025-12-26T14:49:01+0000 [14028] DEBUG [librepo]   http://mirrors.xtom.de/fedora/releases/43/Everything/x86_64/os/repodata/repomd.xml
2025-12-26T14:49:01+0000 [14028] DEBUG [librepo]   rsync://mirrors.xtom.de/fedora/releases/43/Everything/x86_64/os/repodata/repomd.xml
2025-12-26T14:49:01+0000 [14028] DEBUG [librepo]   http://mirror.yandex.ru/fedora/linux/releases/43/Everything/x86_64/os/repodata/repomd.xml
2025-12-26T14:49:01+0000 [14028] DEBUG [librepo]   rsync://mirror.yandex.ru/fedora/linux/releases/43/Everything/x86_64/os/repodata/repomd.xml
2025-12-26T14:49:01+0000 [14028] DEBUG [librepo]   https://mirror.yandex.ru/fedora/linux/releases/43/Everything/x86_64/os/repodata/repomd.xml
2025-12-26T14:49:01+0000 [14028] DEBUG [librepo]   https://mirror.init7.net/fedora/fedora/linux/releases/43/Everything/x86_64/os/repodata/repomd.xml
2025-12-26T14:49:01+0000 [14028] DEBUG [librepo]   http://mirror.init7.net/fedora/fedora/linux/releases/43/Everything/x86_64/os/repodata/repomd.xml
2025-12-26T14:49:01+0000 [14028] DEBUG [librepo]   rsync://ftp.uni-stuttgart.de/fedora/releases/43/Everything/x86_64/os/repodata/repomd.xml
2025-12-26T14:49:01+0000 [14028] DEBUG [librepo]   https://ftp.uni-stuttgart.de/fedora/releases/43/Everything/x86_64/os/repodata/repomd.xml
2025-12-26T14:49:01+0000 [14028] DEBUG [librepo]   http://ftp.uni-stuttgart.de/fedora/releases/43/Everything/x86_64/os/repodata/repomd.xml
2025-12-26T14:49:01+0000 [14028] DEBUG [librepo]   rsync://mirror.i3d.net/fedora/linux/releases/43/Everything/x86_64/os/repodata/repomd.xml
2025-12-26T14:49:01+0000 [14028] DEBUG [librepo]   https://mirror.i3d.net/pub/fedora/linux/releases/43/Everything/x86_64/os/repodata/repomd.xml
2025-12-26T14:49:01+0000 [14028] DEBUG [librepo]   http://mirror.i3d.net/pub/fedora/linux/releases/43/Everything/x86_64/os/repodata/repomd.xml
2025-12-26T14:49:01+0000 [14028] DEBUG [librepo]   http://mirror.in2p3.fr/pub/fedora/linux/releases/43/Everything/x86_64/os/repodata/repomd.xml
2025-12-26T14:49:01+0000 [14028] DEBUG [librepo]   rsync://mirror.in2p3.fr/pub/fedora/linux/releases/43/Everything/x86_64/os/repodata/repomd.xml
2025-12-26T14:49:01+0000 [14028] DEBUG [librepo]   https://mirror.in2p3.fr/pub/fedora/linux/releases/43/Everything/x86_64/os/repodata/repomd.xml
2025-12-26T14:49:01+0000 [14028] DEBUG [librepo]   http://ftp.uni-bayreuth.de/linux/fedora/linux/releases/43/Everything/x86_64/os/repodata/repomd.xml
2025-12-26T14:49:01+0000 [14028] DEBUG [librepo]   rsync://rsync.uni-bayreuth.de/fedora-enchilada/linux/releases/43/Everything/x86_64/os/repodata/repomd.xml
2025-12-26T14:49:01+0000 [14028] DEBUG [librepo]   https://mirror.maeen.sa/fedora/releases/43/Everything/x86_64/os/repodata/repomd.xml
2025-12-26T14:49:01+0000 [14028] DEBUG [librepo]   http://mirror.maeen.sa/fedora/releases/43/Everything/x86_64/os/repodata/repomd.xml
2025-12-26T14:49:01+0000 [14028] DEBUG [librepo]   rsync://mirror.maeen.sa/fedora/releases/43/Everything/x86_64/os/repodata/repomd.xml
2025-12-26T14:49:01+0000 [14028] DEBUG [librepo]   https://mirror.plusline.net/fedora/linux/releases/43/Everything/x86_64/os/repodata/repomd.xml
2025-12-26T14:49:01+0000 [14028] DEBUG [librepo]   rsync://mirror.plusline.net/fedora/linux/releases/43/Everything/x86_64/os/repodata/repomd.xml
2025-12-26T14:49:01+0000 [14028] DEBUG [librepo]   http://mirror.plusline.net/fedora/linux/releases/43/Everything/x86_64/os/repodata/repomd.xml
2025-12-26T14:49:01+0000 [14028] DEBUG [librepo]   https://mirrors.n-ix.net/fedora/linux/releases/43/Everything/x86_64/os/repodata/repomd.xml
2025-12-26T14:49:01+0000 [14028] DEBUG [librepo]   rsync://mirrors.n-ix.net/fedora/releases/43/Everything/x86_64/os/repodata/repomd.xml
2025-12-26T14:49:01+0000 [14028] DEBUG [librepo]   http://mirrors.n-ix.net/fedora/linux/releases/43/Everything/x86_64/os/repodata/repomd.xml
2025-12-26T14:49:01+0000 [14028] DEBUG [librepo]   https://ftp.upjs.sk/pub/fedora/linux/releases/43/Everything/x86_64/os/repodata/repomd.xml
2025-12-26T14:49:01+0000 [14028] DEBUG [librepo]   http://ftp.upjs.sk/pub/fedora/linux/releases/43/Everything/x86_64/os/repodata/repomd.xml
2025-12-26T14:49:01+0000 [14028] DEBUG [librepo]   rsync://ftp.upjs.sk/pub/fedora/linux/releases/43/Everything/x86_64/os/repodata/repomd.xml
2025-12-26T14:49:01+0000 [14028] DEBUG [librepo]   https://ftp-stud.hs-esslingen.de/pub/fedora/linux/releases/43/Everything/x86_64/os/repodata/repomd.xml
2025-12-26T14:49:01+0000 [14028] DEBUG [librepo]   rsync://ftp-stud.hs-esslingen.de/fedora/linux/releases/43/Everything/x86_64/os/repodata/repomd.xml
2025-12-26T14:49:01+0000 [14028] DEBUG [librepo]   http://ftp-stud.hs-esslingen.de/pub/fedora/linux/releases/43/Everything/x86_64/os/repodata/repomd.xml
2025-12-26T14:49:01+0000 [14028] DEBUG [librepo]   http://mirror.telepoint.bg/fedora/releases/43/Everything/x86_64/os/repodata/repomd.xml
2025-12-26T14:49:01+0000 [14028] DEBUG [librepo]   rsync://mirror.telepoint.bg/fedora/releases/43/Everything/x86_64/os/repodata/repomd.xml
2025-12-26T14:49:01+0000 [14028] DEBUG [librepo]   https://mirror.telepoint.bg/fedora/releases/43/Everything/x86_64/os/repodata/repomd.xml
2025-12-26T14:49:01+0000 [14028] DEBUG [librepo]   http://mirror.23m.com/fedora/linux/releases/43/Everything/x86_64/os/repodata/repomd.xml
2025-12-26T14:49:01+0000 [14028] DEBUG [librepo]   https://mirror.23m.com/fedora/linux/releases/43/Everything/x86_64/os/repodata/repomd.xml
2025-12-26T14:49:01+0000 [14028] DEBUG [librepo]   rsync://mirror.23m.com/fedora/linux/releases/43/Everything/x86_64/os/repodata/repomd.xml
2025-12-26T14:49:01+0000 [14028] DEBUG [librepo]   http://mirror.dogado.de/fedora/linux/releases/43/Everything/x86_64/os/repodata/repomd.xml
2025-12-26T14:49:01+0000 [14028] DEBUG [librepo]   https://mirror.dogado.de/fedora/linux/releases/43/Everything/x86_64/os/repodata/repomd.xml
2025-12-26T14:49:01+0000 [14028] DEBUG [librepo]   rsync://mirror.dogado.de/fedora/linux/releases/43/Everything/x86_64/os/repodata/repomd.xml
2025-12-26T14:49:01+0000 [14028] DEBUG [librepo]   rsync://rsync.nic.funet.fi/ftp/pub/mirrors/fedora.redhat.com/pub/fedora/linux/releases/43/Everything/x86_64/os/repodata/repomd.xml
2025-12-26T14:49:01+0000 [14028] DEBUG [librepo]   http://www.nic.funet.fi/pub/mirrors/fedora.redhat.com/pub/fedora/linux/releases/43/Everything/x86_64/os/repodata/repomd.xml
2025-12-26T14:49:01+0000 [14028] DEBUG [librepo]   rsync://distrib-coffee.ipsl.jussieu.fr/pub/linux/fedora/linux/releases/43/Everything/x86_64/os/repodata/repomd.xml
2025-12-26T14:49:01+0000 [14028] DEBUG [librepo]   http://distrib-coffee.ipsl.jussieu.fr/pub/linux/fedora/linux/releases/43/Everything/x86_64/os/repodata/repomd.xml
2025-12-26T14:49:01+0000 [14028] DEBUG [librepo]   rsync://mirror.nl.leaseweb.net/fedora/linux/releases/43/Everything/x86_64/os/repodata/repomd.xml
2025-12-26T14:49:01+0000 [14028] DEBUG [librepo]   http://mirror.nl.leaseweb.net/fedora/linux/releases/43/Everything/x86_64/os/repodata/repomd.xml
2025-12-26T14:49:01+0000 [14028] DEBUG [librepo]   http://mirrors.ircam.fr/pub/fedora/linux/releases/43/Everything/x86_64/os/repodata/repomd.xml
2025-12-26T14:49:01+0000 [14028] DEBUG [librepo]   rsync://mirrors.ircam.fr/fedora-linux/releases/43/Everything/x86_64/os/repodata/repomd.xml
2025-12-26T14:49:01+0000 [14028] DEBUG [librepo]   https://mirrors.ircam.fr/pub/fedora/linux/releases/43/Everything/x86_64/os/repodata/repomd.xml
2025-12-26T14:49:01+0000 [14028] DEBUG [librepo]   http://mirrors.chroot.ro/fedora/linux/releases/43/Everything/x86_64/os/repodata/repomd.xml
2025-12-26T14:49:01+0000 [14028] DEBUG [librepo]   https://mirror.imt-systems.com/fedora/linux/releases/43/Everything/x86_64/os/repodata/repomd.xml
2025-12-26T14:49:01+0000 [14028] DEBUG [librepo]   rsync://mirror.imt-systems.com/fedora/linux/releases/43/Everything/x86_64/os/repodata/repomd.xml
2025-12-26T14:49:01+0000 [14028] DEBUG [librepo]   http://mirror.imt-systems.com/fedora/linux/releases/43/Everything/x86_64/os/repodata/repomd.xml
2025-12-26T14:49:01+0000 [14028] DEBUG [librepo]   https://distrohub.kyiv.ua/fedora/fedora/linux/releases/43/Everything/x86_64/os/repodata/repomd.xml
2025-12-26T14:49:01+0000 [14028] DEBUG [librepo]   rsync://distrohub.kyiv.ua/fedora/fedora/linux/releases/43/Everything/x86_64/os/repodata/repomd.xml
2025-12-26T14:49:01+0000 [14028] DEBUG [librepo]   http://distrohub.kyiv.ua/fedora/fedora/linux/releases/43/Everything/x86_64/os/repodata/repomd.xml
2025-12-26T14:49:01+0000 [14028] DEBUG [librepo]   http://mirror.etf.bg.ac.rs/fedora/releases/43/Everything/x86_64/os/repodata/repomd.xml
2025-12-26T14:49:01+0000 [14028] DEBUG [librepo]   http://ftp.otenet.gr/linux/fedora/linux/releases/43/Everything/x86_64/os/repodata/repomd.xml
2025-12-26T14:49:01+0000 [14028] DEBUG [librepo] lr_handle_prepare_metalink: Metalink parsed
2025-12-26T14:49:01+0000 [14028] DEBUG [librepo] lr_handle_prepare_internal_mirrorlist: Finalizing internal mirrorlist
2025-12-26T14:49:01+0000 [14028] DEBUG [librepo] lr_handle_prepare_internal_mirrorlist: Finalizing mirrors reported via LRI_MIRRORS
2025-12-26T14:49:01+0000 [14028] DEBUG [librepo] lr_handle_perform: Downloading/Locating yum repo
2025-12-26T14:49:01+0000 [14028] DEBUG [librepo] lr_yum_use_local: Locating repo..
2025-12-26T14:49:01+0000 [14028] DEBUG [librepo] lr_yum_use_local_load_base: Found local metalink: /home/aidan/.cache/libdnf5/fedora-fe4b228be7d3c150/metalink.xml
2025-12-26T14:49:01+0000 [14028] DEBUG [librepo] lr_yum_use_local_load_base: Parsing repomd.xml
2025-12-26T14:49:01+0000 [14028] DEBUG [librepo] lr_yum_use_local_load_base: Repomd revision: 1761190640
2025-12-26T14:49:01+0000 [14028] DEBUG [librepo] Found primary_zck so using instead of primary
2025-12-26T14:49:01+0000 [14028] DEBUG [librepo] Found filelists_zck so using instead of filelists
2025-12-26T14:49:01+0000 [14028] DEBUG [librepo] lr_yum_use_local: Incomplete repository - /home/aidan/.cache/libdnf5/fedora-fe4b228be7d3c150/repodata/d98386eee3b666157656ac39450d1abad187bb47557d23cd6b199a0a4dbd9c5e-filelists.xml.zck is missing
2025-12-26T14:49:01+0000 [14028] DEBUG [librepo] lr_handle_perform: Restoring an old SIGINT handler
2025-12-26T14:49:01+0000 [14028] DEBUG [librepo] lr_download: No targets
2025-12-26T14:49:01+0000 [14028] DEBUG [librepo] lr_handle_prepare_internal_mirrorlist: Preparing internal mirrorlist
2025-12-26T14:49:01+0000 [14028] DEBUG [librepo] lr_download: Target: https://mirrors.fedoraproject.org/metalink?repo=fedora-43&arch=x86_64 (-)
2025-12-26T14:49:01+0000 [14028] DEBUG [librepo] Selecting mirror for: https://mirrors.fedoraproject.org/metalink?repo=fedora-43&arch=x86_64
2025-12-26T14:49:01+0000 [14028] INFO [librepo] Downloading: https://mirrors.fedoraproject.org/metalink?repo=fedora-43&arch=x86_64
2025-12-26T14:49:01+0000 [14028] DEBUG [librepo] lr_download: Downloading started
2025-12-26T14:49:02+0000 [14028] DEBUG Loading group extension for @System repo from "/usr/lib/sysimage/libdnf5/comps_groups/container-management.xml"
2025-12-26T14:49:02+0000 [14028] DEBUG Loading group extension for @System repo from "/usr/lib/sysimage/libdnf5/comps_groups/core.xml"
2025-12-26T14:49:02+0000 [14028] DEBUG Loading group extension for @System repo from "/usr/lib/sysimage/libdnf5/comps_groups/domain-client.xml"
2025-12-26T14:49:02+0000 [14028] DEBUG Loading group extension for @System repo from "/usr/lib/sysimage/libdnf5/comps_groups/guest-agents.xml"
2025-12-26T14:49:02+0000 [14028] DEBUG Loading group extension for @System repo from "/usr/lib/sysimage/libdnf5/comps_groups/hardware-support.xml"
2025-12-26T14:49:02+0000 [14028] DEBUG Loading group extension for @System repo from "/usr/lib/sysimage/libdnf5/comps_groups/headless-management.xml"
2025-12-26T14:49:02+0000 [14028] DEBUG Loading group extension for @System repo from "/usr/lib/sysimage/libdnf5/comps_groups/networkmanager-submodules.xml"
2025-12-26T14:49:02+0000 [14028] DEBUG Loading group extension for @System repo from "/usr/lib/sysimage/libdnf5/comps_groups/server-hardware-support.xml"
2025-12-26T14:49:02+0000 [14028] DEBUG Loading group extension for @System repo from "/usr/lib/sysimage/libdnf5/comps_groups/server-product.xml"
2025-12-26T14:49:02+0000 [14028] DEBUG Loading group extension for @System repo from "/usr/lib/sysimage/libdnf5/comps_groups/standard.xml"
2025-12-26T14:49:02+0000 [14028] DEBUG Loading group extension for @System repo from "/usr/lib/sysimage/libdnf5/comps_groups/server-product-environment.xml"
2025-12-26T14:49:02+0000 [14028] DEBUG [librepo] Transfer finished: https://mirrors.fedoraproject.org/metalink?repo=fedora-43&arch=x86_64 (Effective url: https://mirrors.fedoraproject.org/metalink?repo=fedora-43&arch=x86_64)
2025-12-26T14:49:02+0000 [14028] DEBUG [librepo] lr_handle_prepare_metalink: Parsing metalink.xml
2025-12-26T14:49:02+0000 [14028] DEBUG [librepo] lr_handle_prepare_metalink: Mirrors from metalink:
2025-12-26T14:49:02+0000 [14028] DEBUG [librepo]   https://fedora.mirrorservice.org/fedora/linux/releases/43/Everything/x86_64/os/repodata/repomd.xml
2025-12-26T14:49:02+0000 [14028] DEBUG [librepo]   http://fedora.mirrorservice.org/fedora/linux/releases/43/Everything/x86_64/os/repodata/repomd.xml
2025-12-26T14:49:02+0000 [14028] DEBUG [librepo]   rsync://rsync.mirrorservice.org/dl.fedoraproject.org/pub/fedora/linux/releases/43/Everything/x86_64/os/repodata/repomd.xml
2025-12-26T14:49:02+0000 [14028] DEBUG [librepo]   https://ask4.mm.fcix.net/fedora/linux/releases/43/Everything/x86_64/os/repodata/repomd.xml
2025-12-26T14:49:02+0000 [14028] DEBUG [librepo]   http://ask4.mm.fcix.net/fedora/linux/releases/43/Everything/x86_64/os/repodata/repomd.xml
2025-12-26T14:49:02+0000 [14028] DEBUG [librepo]   rsync://ask4.mm.fcix.net/fedora-enchilada/linux/releases/43/Everything/x86_64/os/repodata/repomd.xml
2025-12-26T14:49:02+0000 [14028] DEBUG [librepo]   http://creeperhost.mm.fcix.net/fedora/linux/releases/43/Everything/x86_64/os/repodata/repomd.xml
2025-12-26T14:49:02+0000 [14028] DEBUG [librepo]   https://creeperhost.mm.fcix.net/fedora/linux/releases/43/Everything/x86_64/os/repodata/repomd.xml
2025-12-26T14:49:02+0000 [14028] DEBUG [librepo]   rsync://creeperhost.mm.fcix.net/fedora-enchilada/linux/releases/43/Everything/x86_64/os/repodata/repomd.xml
2025-12-26T14:49:02+0000 [14028] DEBUG [librepo]   https://b4sh.mm.fcix.net/fedora/linux/releases/43/Everything/x86_64/os/repodata/repomd.xml
2025-12-26T14:49:02+0000 [14028] DEBUG [librepo]   http://b4sh.mm.fcix.net/fedora/linux/releases/43/Everything/x86_64/os/repodata/repomd.xml
2025-12-26T14:49:02+0000 [14028] DEBUG [librepo]   rsync://b4sh.mm.fcix.net/fedora-enchilada/linux/releases/43/Everything/x86_64/os/repodata/repomd.xml
2025-12-26T14:49:02+0000 [14028] DEBUG [librepo]   rsync://mirror.karneval.cz/fedora/linux/releases/43/Everything/x86_64/os/repodata/repomd.xml
2025-12-26T14:49:02+0000 [14028] DEBUG [librepo]   https://mirror.karneval.cz/pub/linux/fedora/linux/releases/43/Everything/x86_64/os/repodata/repomd.xml
2025-12-26T14:49:02+0000 [14028] DEBUG [librepo]   http://mirror.accum.se/mirror/fedora/linux/releases/43/Everything/x86_64/os/repodata/repomd.xml
2025-12-26T14:49:02+0000 [14028] DEBUG [librepo]   rsync://mirror.accum.se/mirror/fedora/linux/releases/43/Everything/x86_64/os/repodata/repomd.xml
2025-12-26T14:49:02+0000 [14028] DEBUG [librepo]   https://mirror.accum.se/mirror/fedora/linux/releases/43/Everything/x86_64/os/repodata/repomd.xml
2025-12-26T14:49:02+0000 [14028] DEBUG [librepo]   http://mirror.bahnhof.net/pub/fedora/linux/releases/43/Everything/x86_64/os/repodata/repomd.xml
2025-12-26T14:49:02+0000 [14028] DEBUG [librepo]   https://mirror.bahnhof.net/pub/fedora/linux/releases/43/Everything/x86_64/os/repodata/repomd.xml
2025-12-26T14:49:02+0000 [14028] DEBUG [librepo]   rsync://mirror.i3d.net/fedora/linux/releases/43/Everything/x86_64/os/repodata/repomd.xml
2025-12-26T14:49:02+0000 [14028] DEBUG [librepo]   https://mirror.i3d.net/pub/fedora/linux/releases/43/Everything/x86_64/os/repodata/repomd.xml
2025-12-26T14:49:02+0000 [14028] DEBUG [librepo]   http://mirror.i3d.net/pub/fedora/linux/releases/43/Everything/x86_64/os/repodata/repomd.xml
2025-12-26T14:49:02+0000 [14028] DEBUG [librepo]   rsync://ftp.uni-stuttgart.de/fedora/releases/43/Everything/x86_64/os/repodata/repomd.xml
2025-12-26T14:49:02+0000 [14028] DEBUG [librepo]   https://ftp.uni-stuttgart.de/fedora/releases/43/Everything/x86_64/os/repodata/repomd.xml
2025-12-26T14:49:02+0000 [14028] DEBUG [librepo]   http://ftp.uni-stuttgart.de/fedora/releases/43/Everything/x86_64/os/repodata/repomd.xml
2025-12-26T14:49:02+0000 [14028] DEBUG [librepo]   http://mirror.yandex.ru/fedora/linux/releases/43/Everything/x86_64/os/repodata/repomd.xml
2025-12-26T14:49:02+0000 [14028] DEBUG [librepo]   rsync://mirror.yandex.ru/fedora/linux/releases/43/Everything/x86_64/os/repodata/repomd.xml
2025-12-26T14:49:02+0000 [14028] DEBUG [librepo]   https://mirror.yandex.ru/fedora/linux/releases/43/Everything/x86_64/os/repodata/repomd.xml
2025-12-26T14:49:02+0000 [14028] DEBUG [librepo]   https://fedora.ip-connect.vn.ua/linux/releases/43/Everything/x86_64/os/repodata/repomd.xml
2025-12-26T14:49:02+0000 [14028] DEBUG [librepo]   rsync://fedora.ip-connect.vn.ua/fedora/linux/releases/43/Everything/x86_64/os/repodata/repomd.xml
2025-12-26T14:49:02+0000 [14028] DEBUG [librepo]   http://fedora.ip-connect.vn.ua/linux/releases/43/Everything/x86_64/os/repodata/repomd.xml
2025-12-26T14:49:02+0000 [14028] DEBUG [librepo]   https://mirrors.nxthost.com/fedora/releases/43/Everything/x86_64/os/repodata/repomd.xml
2025-12-26T14:49:02+0000 [14028] DEBUG [librepo]   http://mirrors.nxthost.com/fedora/releases/43/Everything/x86_64/os/repodata/repomd.xml
2025-12-26T14:49:02+0000 [14028] DEBUG [librepo]   rsync://mirrors.nxthost.com/fedora/releases/43/Everything/x86_64/os/repodata/repomd.xml
2025-12-26T14:49:02+0000 [14028] DEBUG [librepo]   https://mirrors.n-ix.net/fedora/linux/releases/43/Everything/x86_64/os/repodata/repomd.xml
2025-12-26T14:49:02+0000 [14028] DEBUG [librepo]   rsync://mirrors.n-ix.net/fedora/releases/43/Everything/x86_64/os/repodata/repomd.xml
2025-12-26T14:49:02+0000 [14028] DEBUG [librepo]   http://mirrors.n-ix.net/fedora/linux/releases/43/Everything/x86_64/os/repodata/repomd.xml
2025-12-26T14:49:02+0000 [14028] DEBUG [librepo]   http://fedora.ip-connect.info/linux/releases/43/Everything/x86_64/os/repodata/repomd.xml
2025-12-26T14:49:02+0000 [14028] DEBUG [librepo]   https://fedora.ip-connect.info/linux/releases/43/Everything/x86_64/os/repodata/repomd.xml
2025-12-26T14:49:02+0000 [14028] DEBUG [librepo]   rsync://fedora.ip-connect.info/fedora/linux/releases/43/Everything/x86_64/os/repodata/repomd.xml
2025-12-26T14:49:02+0000 [14028] DEBUG [librepo]   http://mirror.dogado.de/fedora/linux/releases/43/Everything/x86_64/os/repodata/repomd.xml
2025-12-26T14:49:02+0000 [14028] DEBUG [librepo]   https://mirror.dogado.de/fedora/linux/releases/43/Everything/x86_64/os/repodata/repomd.xml
2025-12-26T14:49:02+0000 [14028] DEBUG [librepo]   rsync://mirror.dogado.de/fedora/linux/releases/43/Everything/x86_64/os/repodata/repomd.xml
2025-12-26T14:49:02+0000 [14028] DEBUG [librepo]   https://fr2.rpmfind.net/linux/fedora/linux/releases/43/Everything/x86_64/os/repodata/repomd.xml
2025-12-26T14:49:02+0000 [14028] DEBUG [librepo]   http://fr2.rpmfind.net/linux/fedora/linux/releases/43/Everything/x86_64/os/repodata/repomd.xml
2025-12-26T14:49:02+0000 [14028] DEBUG [librepo]   rsync://fr2.rpmfind.net/linux/fedora/linux/releases/43/Everything/x86_64/os/repodata/repomd.xml
2025-12-26T14:49:02+0000 [14028] DEBUG [librepo]   http://ftp.fau.de/fedora/linux/releases/43/Everything/x86_64/os/repodata/repomd.xml
2025-12-26T14:49:02+0000 [14028] DEBUG [librepo]   https://ftp.fau.de/fedora/linux/releases/43/Everything/x86_64/os/repodata/repomd.xml
2025-12-26T14:49:02+0000 [14028] DEBUG [librepo]   rsync://ftp.fau.de/fedora/linux/releases/43/Everything/x86_64/os/repodata/repomd.xml
2025-12-26T14:49:02+0000 [14028] DEBUG [librepo]   http://fedora.mirror.root.lu/releases/43/Everything/x86_64/os/repodata/repomd.xml
2025-12-26T14:49:02+0000 [14028] DEBUG [librepo]   rsync://fedora.tu-chemnitz.de/ftp/pub/linux/fedora/linux/releases/43/Everything/x86_64/os/repodata/repomd.xml
2025-12-26T14:49:02+0000 [14028] DEBUG [librepo]   http://fedora.tu-chemnitz.de/pub/linux/fedora/linux/releases/43/Everything/x86_64/os/repodata/repomd.xml
2025-12-26T14:49:02+0000 [14028] DEBUG [librepo]   https://eu.edge.kernel.org/fedora/releases/43/Everything/x86_64/os/repodata/repomd.xml
2025-12-26T14:49:02+0000 [14028] DEBUG [librepo]   rsync://mirror.netsite.dk/fedora/releases/43/Everything/x86_64/os/repodata/repomd.xml
2025-12-26T14:49:02+0000 [14028] DEBUG [librepo]   https://mirror.netsite.dk/fedora/linux/releases/43/Everything/x86_64/os/repodata/repomd.xml
2025-12-26T14:49:02+0000 [14028] DEBUG [librepo]   http://mirror.netsite.dk/fedora/linux/releases/43/Everything/x86_64/os/repodata/repomd.xml
2025-12-26T14:49:02+0000 [14028] DEBUG [librepo]   http://mirror.telepoint.bg/fedora/releases/43/Everything/x86_64/os/repodata/repomd.xml
2025-12-26T14:49:02+0000 [14028] DEBUG [librepo]   rsync://mirror.telepoint.bg/fedora/releases/43/Everything/x86_64/os/repodata/repomd.xml
2025-12-26T14:49:02+0000 [14028] DEBUG [librepo]   https://mirror.telepoint.bg/fedora/releases/43/Everything/x86_64/os/repodata/repomd.xml
2025-12-26T14:49:02+0000 [14028] DEBUG [librepo]   http://ftp.uni-bayreuth.de/linux/fedora/linux/releases/43/Everything/x86_64/os/repodata/repomd.xml
2025-12-26T14:49:02+0000 [14028] DEBUG [librepo]   rsync://rsync.uni-bayreuth.de/fedora-enchilada/linux/releases/43/Everything/x86_64/os/repodata/repomd.xml
2025-12-26T14:49:02+0000 [14028] DEBUG [librepo]   http://mirror.netzwerge.de/fedora/linux/releases/43/Everything/x86_64/os/repodata/repomd.xml
2025-12-26T14:49:02+0000 [14028] DEBUG [librepo]   https://mirror.netzwerge.de/fedora/linux/releases/43/Everything/x86_64/os/repodata/repomd.xml
2025-12-26T14:49:02+0000 [14028] DEBUG [librepo]   rsync://mirror.netzwerge.de/fedora/linux/releases/43/Everything/x86_64/os/repodata/repomd.xml
2025-12-26T14:49:02+0000 [14028] DEBUG [librepo]   http://mirror.slu.cz/fedora/linux/releases/43/Everything/x86_64/os/repodata/repomd.xml
2025-12-26T14:49:02+0000 [14028] DEBUG [librepo]   rsync://mirror.slu.cz/fedora/linux/releases/43/Everything/x86_64/os/repodata/repomd.xml
2025-12-26T14:49:02+0000 [14028] DEBUG [librepo]   https://mirror.slu.cz/fedora/linux/releases/43/Everything/x86_64/os/repodata/repomd.xml
2025-12-26T14:49:02+0000 [14028] DEBUG [librepo]   https://ftp.lysator.liu.se/pub/fedora/linux/releases/43/Everything/x86_64/os/repodata/repomd.xml
2025-12-26T14:49:02+0000 [14028] DEBUG [librepo]   http://ftp.lysator.liu.se/pub/fedora/linux/releases/43/Everything/x86_64/os/repodata/repomd.xml
2025-12-26T14:49:02+0000 [14028] DEBUG [librepo]   rsync://ftp.lysator.liu.se/pub/fedora/linux/releases/43/Everything/x86_64/os/repodata/repomd.xml
2025-12-26T14:49:02+0000 [14028] DEBUG [librepo]   http://mirror.in2p3.fr/pub/fedora/linux/releases/43/Everything/x86_64/os/repodata/repomd.xml
2025-12-26T14:49:02+0000 [14028] DEBUG [librepo]   rsync://mirror.in2p3.fr/pub/fedora/linux/releases/43/Everything/x86_64/os/repodata/repomd.xml
2025-12-26T14:49:02+0000 [14028] DEBUG [librepo]   https://mirror.in2p3.fr/pub/fedora/linux/releases/43/Everything/x86_64/os/repodata/repomd.xml
2025-12-26T14:49:02+0000 [14028] DEBUG [librepo]   https://mirrors.xtom.de/fedora/releases/43/Everything/x86_64/os/repodata/repomd.xml
2025-12-26T14:49:02+0000 [14028] DEBUG [librepo]   http://mirrors.xtom.de/fedora/releases/43/Everything/x86_64/os/repodata/repomd.xml
2025-12-26T14:49:02+0000 [14028] DEBUG [librepo]   rsync://mirrors.xtom.de/fedora/releases/43/Everything/x86_64/os/repodata/repomd.xml
2025-12-26T14:49:02+0000 [14028] DEBUG [librepo]   http://mirror.23m.com/fedora/linux/releases/43/Everything/x86_64/os/repodata/repomd.xml
2025-12-26T14:49:02+0000 [14028] DEBUG [librepo]   https://mirror.23m.com/fedora/linux/releases/43/Everything/x86_64/os/repodata/repomd.xml
2025-12-26T14:49:02+0000 [14028] DEBUG [librepo]   rsync://mirror.23m.com/fedora/linux/releases/43/Everything/x86_64/os/repodata/repomd.xml
2025-12-26T14:49:02+0000 [14028] DEBUG [librepo]   https://www.fedora.is/fedora/releases/43/Everything/x86_64/os/repodata/repomd.xml
2025-12-26T14:49:02+0000 [14028] DEBUG [librepo]   http://www.fedora.is/fedora/releases/43/Everything/x86_64/os/repodata/repomd.xml
2025-12-26T14:49:02+0000 [14028] DEBUG [librepo]   rsync://www.fedora.is/fedora/releases/43/Everything/x86_64/os/repodata/repomd.xml
2025-12-26T14:49:02+0000 [14028] DEBUG [librepo]   rsync://rsync.nic.funet.fi/ftp/pub/mirrors/fedora.redhat.com/pub/fedora/linux/releases/43/Everything/x86_64/os/repodata/repomd.xml
2025-12-26T14:49:02+0000 [14028] DEBUG [librepo]   http://www.nic.funet.fi/pub/mirrors/fedora.redhat.com/pub/fedora/linux/releases/43/Everything/x86_64/os/repodata/repomd.xml
2025-12-26T14:49:02+0000 [14028] DEBUG [librepo]   rsync://mirrors.dotsrc.org/fedora-enchilada/linux/releases/43/Everything/x86_64/os/repodata/repomd.xml
2025-12-26T14:49:02+0000 [14028] DEBUG [librepo]   http://mirrors.dotsrc.org/fedora-enchilada/linux/releases/43/Everything/x86_64/os/repodata/repomd.xml
2025-12-26T14:49:02+0000 [14028] DEBUG [librepo]   https://mirrors.dotsrc.org/fedora-enchilada/linux/releases/43/Everything/x86_64/os/repodata/repomd.xml
2025-12-26T14:49:02+0000 [14028] DEBUG [librepo]   https://mirror.init7.net/fedora/fedora/linux/releases/43/Everything/x86_64/os/repodata/repomd.xml
2025-12-26T14:49:02+0000 [14028] DEBUG [librepo]   http://mirror.init7.net/fedora/fedora/linux/releases/43/Everything/x86_64/os/repodata/repomd.xml
2025-12-26T14:49:02+0000 [14028] DEBUG [librepo]   https://ftp.upjs.sk/pub/fedora/linux/releases/43/Everything/x86_64/os/repodata/repomd.xml
2025-12-26T14:49:02+0000 [14028] DEBUG [librepo]   http://ftp.upjs.sk/pub/fedora/linux/releases/43/Everything/x86_64/os/repodata/repomd.xml
2025-12-26T14:49:02+0000 [14028] DEBUG [librepo]   rsync://ftp.upjs.sk/pub/fedora/linux/releases/43/Everything/x86_64/os/repodata/repomd.xml
2025-12-26T14:49:02+0000 [14028] DEBUG [librepo]   https://mirrors.xtom.ee/fedora/releases/43/Everything/x86_64/os/repodata/repomd.xml
2025-12-26T14:49:02+0000 [14028] DEBUG [librepo]   rsync://mirrors.xtom.ee/fedora/releases/43/Everything/x86_64/os/repodata/repomd.xml
2025-12-26T14:49:02+0000 [14028] DEBUG [librepo]   http://mirrors.xtom.ee/fedora/releases/43/Everything/x86_64/os/repodata/repomd.xml
2025-12-26T14:49:02+0000 [14028] DEBUG [librepo]   rsync://mirror.nl.leaseweb.net/fedora/linux/releases/43/Everything/x86_64/os/repodata/repomd.xml
2025-12-26T14:49:02+0000 [14028] DEBUG [librepo]   http://mirror.nl.leaseweb.net/fedora/linux/releases/43/Everything/x86_64/os/repodata/repomd.xml
2025-12-26T14:49:02+0000 [14028] DEBUG [librepo]   http://fedora.mirror.liteserver.nl/linux/releases/43/Everything/x86_64/os/repodata/repomd.xml
2025-12-26T14:49:02+0000 [14028] DEBUG [librepo]   rsync://mirror.liteserver.nl/fedora/linux/releases/43/Everything/x86_64/os/repodata/repomd.xml
2025-12-26T14:49:02+0000 [14028] DEBUG [librepo]   https://fedora.mirror.liteserver.nl/linux/releases/43/Everything/x86_64/os/repodata/repomd.xml
2025-12-26T14:49:02+0000 [14028] DEBUG [librepo]   https://mirror.plusline.net/fedora/linux/releases/43/Everything/x86_64/os/repodata/repomd.xml
2025-12-26T14:49:02+0000 [14028] DEBUG [librepo]   rsync://mirror.plusline.net/fedora/linux/releases/43/Everything/x86_64/os/repodata/repomd.xml
2025-12-26T14:49:02+0000 [14028] DEBUG [librepo]   http://mirror.plusline.net/fedora/linux/releases/43/Everything/x86_64/os/repodata/repomd.xml
2025-12-26T14:49:02+0000 [14028] DEBUG [librepo]   http://ftp.sh.cvut.cz/fedora/linux/releases/43/Everything/x86_64/os/repodata/repomd.xml
2025-12-26T14:49:02+0000 [14028] DEBUG [librepo]   https://ftp.sh.cvut.cz/fedora/linux/releases/43/Everything/x86_64/os/repodata/repomd.xml
2025-12-26T14:49:02+0000 [14028] DEBUG [librepo]   rsync://ftp.sh.cvut.cz/fedora/linux/releases/43/Everything/x86_64/os/repodata/repomd.xml
2025-12-26T14:49:02+0000 [14028] DEBUG [librepo]   https://ftp-stud.hs-esslingen.de/pub/fedora/linux/releases/43/Everything/x86_64/os/repodata/repomd.xml
2025-12-26T14:49:02+0000 [14028] DEBUG [librepo]   rsync://ftp-stud.hs-esslingen.de/fedora/linux/releases/43/Everything/x86_64/os/repodata/repomd.xml
2025-12-26T14:49:02+0000 [14028] DEBUG [librepo]   http://ftp-stud.hs-esslingen.de/pub/fedora/linux/releases/43/Everything/x86_64/os/repodata/repomd.xml
2025-12-26T14:49:02+0000 [14028] DEBUG [librepo]   http://fedora.ipacct.com/fedora/linux/releases/43/Everything/x86_64/os/repodata/repomd.xml
2025-12-26T14:49:02+0000 [14028] DEBUG [librepo]   https://fedora.ipacct.com/fedora/linux/releases/43/Everything/x86_64/os/repodata/repomd.xml
2025-12-26T14:49:02+0000 [14028] DEBUG [librepo]   rsync://fedora.ipacct.com/fedora/linux/releases/43/Everything/x86_64/os/repodata/repomd.xml
2025-12-26T14:49:02+0000 [14028] DEBUG [librepo]   http://ftp.cica.es/fedora/linux/releases/43/Everything/x86_64/os/repodata/repomd.xml
2025-12-26T14:49:02+0000 [14028] DEBUG [librepo]   rsync://rsync.cica.es/fedora-linux/releases/43/Everything/x86_64/os/repodata/repomd.xml
2025-12-26T14:49:02+0000 [14028] DEBUG [librepo]   rsync://distrib-coffee.ipsl.jussieu.fr/pub/linux/fedora/linux/releases/43/Everything/x86_64/os/repodata/repomd.xml
2025-12-26T14:49:02+0000 [14028] DEBUG [librepo]   http://distrib-coffee.ipsl.jussieu.fr/pub/linux/fedora/linux/releases/43/Everything/x86_64/os/repodata/repomd.xml
2025-12-26T14:49:02+0000 [14028] DEBUG [librepo]   https://mirror.maeen.sa/fedora/releases/43/Everything/x86_64/os/repodata/repomd.xml
2025-12-26T14:49:02+0000 [14028] DEBUG [librepo]   http://mirror.maeen.sa/fedora/releases/43/Everything/x86_64/os/repodata/repomd.xml
2025-12-26T14:49:02+0000 [14028] DEBUG [librepo]   rsync://mirror.maeen.sa/fedora/releases/43/Everything/x86_64/os/repodata/repomd.xml
2025-12-26T14:49:02+0000 [14028] DEBUG [librepo]   http://mirrors.ircam.fr/pub/fedora/linux/releases/43/Everything/x86_64/os/repodata/repomd.xml
2025-12-26T14:49:02+0000 [14028] DEBUG [librepo]   rsync://mirrors.ircam.fr/fedora-linux/releases/43/Everything/x86_64/os/repodata/repomd.xml
2025-12-26T14:49:02+0000 [14028] DEBUG [librepo]   https://mirrors.ircam.fr/pub/fedora/linux/releases/43/Everything/x86_64/os/repodata/repomd.xml
2025-12-26T14:49:02+0000 [14028] DEBUG [librepo]   https://mirror.imt-systems.com/fedora/linux/releases/43/Everything/x86_64/os/repodata/repomd.xml
2025-12-26T14:49:02+0000 [14028] DEBUG [librepo]   rsync://mirror.imt-systems.com/fedora/linux/releases/43/Everything/x86_64/os/repodata/repomd.xml
2025-12-26T14:49:02+0000 [14028] DEBUG [librepo]   http://mirror.imt-systems.com/fedora/linux/releases/43/Everything/x86_64/os/repodata/repomd.xml
2025-12-26T14:49:02+0000 [14028] DEBUG [librepo]   http://mirror.etf.bg.ac.rs/fedora/releases/43/Everything/x86_64/os/repodata/repomd.xml
2025-12-26T14:49:02+0000 [14028] DEBUG [librepo]   rsync://fedora-mirror02.rbc.ru/fedora-enchilada/releases/43/Everything/x86_64/os/repodata/repomd.xml
2025-12-26T14:49:02+0000 [14028] DEBUG [librepo]   http://fedora-mirror02.rbc.ru/pub/fedora/linux/releases/43/Everything/x86_64/os/repodata/repomd.xml
2025-12-26T14:49:02+0000 [14028] DEBUG [librepo]   https://distrohub.kyiv.ua/fedora/fedora/linux/releases/43/Everything/x86_64/os/repodata/repomd.xml
2025-12-26T14:49:02+0000 [14028] DEBUG [librepo]   rsync://distrohub.kyiv.ua/fedora/fedora/linux/releases/43/Everything/x86_64/os/repodata/repomd.xml
2025-12-26T14:49:02+0000 [14028] DEBUG [librepo]   http://distrohub.kyiv.ua/fedora/fedora/linux/releases/43/Everything/x86_64/os/repodata/repomd.xml
2025-12-26T14:49:02+0000 [14028] DEBUG [librepo]   http://mirrors.chroot.ro/fedora/linux/releases/43/Everything/x86_64/os/repodata/repomd.xml
2025-12-26T14:49:02+0000 [14028] DEBUG [librepo]   http://ftp.otenet.gr/linux/fedora/linux/releases/43/Everything/x86_64/os/repodata/repomd.xml
2025-12-26T14:49:02+0000 [14028] DEBUG [librepo] lr_handle_prepare_metalink: Metalink parsed
2025-12-26T14:49:02+0000 [14028] DEBUG [librepo] lr_handle_prepare_internal_mirrorlist: Finalizing internal mirrorlist
2025-12-26T14:49:02+0000 [14028] DEBUG [librepo] lr_handle_prepare_internal_mirrorlist: Finalizing mirrors reported via LRI_MIRRORS
2025-12-26T14:49:02+0000 [14028] DEBUG [librepo] lr_get_best_checksum: Expected checksum for repomd.xml: (sha512) fe29584e7cb4eef4cb4a0ba4806ee6f0170f10a3367d56566a1725525d962cf1e8fb340c4648373c07892da7ba9545c1bfb76cc837fd26e436fee69c1aac9dc5
2025-12-26T14:49:02+0000 [14028] DEBUG [librepo] lr_handle_prepare_internal_mirrorlist: Preparing internal mirrorlist
2025-12-26T14:49:02+0000 [14028] DEBUG [librepo] lr_download: Target: https://mirrors.fedoraproject.org/metalink?repo=updates-released-f43&arch=x86_64 (-)
2025-12-26T14:49:02+0000 [14028] DEBUG [librepo] Selecting mirror for: https://mirrors.fedoraproject.org/metalink?repo=updates-released-f43&arch=x86_64
2025-12-26T14:49:02+0000 [14028] INFO [librepo] Downloading: https://mirrors.fedoraproject.org/metalink?repo=updates-released-f43&arch=x86_64
2025-12-26T14:49:02+0000 [14028] DEBUG [librepo] lr_download: Downloading started
2025-12-26T14:49:03+0000 [14028] DEBUG [librepo] Transfer finished: https://mirrors.fedoraproject.org/metalink?repo=updates-released-f43&arch=x86_64 (Effective url: https://mirrors.fedoraproject.org/metalink?repo=updates-released-f43&arch=x86_64)
2025-12-26T14:49:03+0000 [14028] DEBUG [librepo] lr_handle_prepare_metalink: Parsing metalink.xml
2025-12-26T14:49:03+0000 [14028] DEBUG [librepo] lr_handle_prepare_metalink: Mirrors from metalink:
2025-12-26T14:49:03+0000 [14028] DEBUG [librepo]   https://fedora.mirrorservice.org/fedora/linux/updates/43/Everything/x86_64/repodata/repomd.xml
2025-12-26T14:49:03+0000 [14028] DEBUG [librepo]   http://fedora.mirrorservice.org/fedora/linux/updates/43/Everything/x86_64/repodata/repomd.xml
2025-12-26T14:49:03+0000 [14028] DEBUG [librepo]   rsync://rsync.mirrorservice.org/dl.fedoraproject.org/pub/fedora/linux/updates/43/Everything/x86_64/repodata/repomd.xml
2025-12-26T14:49:03+0000 [14028] DEBUG [librepo]   http://creeperhost.mm.fcix.net/fedora/linux/updates/43/Everything/x86_64/repodata/repomd.xml
2025-12-26T14:49:03+0000 [14028] DEBUG [librepo]   https://creeperhost.mm.fcix.net/fedora/linux/updates/43/Everything/x86_64/repodata/repomd.xml
2025-12-26T14:49:03+0000 [14028] DEBUG [librepo]   rsync://creeperhost.mm.fcix.net/fedora-enchilada/linux/updates/43/Everything/x86_64/repodata/repomd.xml
2025-12-26T14:49:03+0000 [14028] DEBUG [librepo]   https://ask4.mm.fcix.net/fedora/linux/updates/43/Everything/x86_64/repodata/repomd.xml
2025-12-26T14:49:03+0000 [14028] DEBUG [librepo]   http://ask4.mm.fcix.net/fedora/linux/updates/43/Everything/x86_64/repodata/repomd.xml
2025-12-26T14:49:03+0000 [14028] DEBUG [librepo]   rsync://ask4.mm.fcix.net/fedora-enchilada/linux/updates/43/Everything/x86_64/repodata/repomd.xml
2025-12-26T14:49:03+0000 [14028] DEBUG [librepo]   https://b4sh.mm.fcix.net/fedora/linux/updates/43/Everything/x86_64/repodata/repomd.xml
2025-12-26T14:49:03+0000 [14028] DEBUG [librepo]   http://b4sh.mm.fcix.net/fedora/linux/updates/43/Everything/x86_64/repodata/repomd.xml
2025-12-26T14:49:03+0000 [14028] DEBUG [librepo]   rsync://b4sh.mm.fcix.net/fedora-enchilada/linux/updates/43/Everything/x86_64/repodata/repomd.xml
2025-12-26T14:49:03+0000 [14028] DEBUG [librepo]   http://mirror.yandex.ru/fedora/linux/updates/43/Everything/x86_64/repodata/repomd.xml
2025-12-26T14:49:03+0000 [14028] DEBUG [librepo]   rsync://mirror.yandex.ru/fedora/linux/updates/43/Everything/x86_64/repodata/repomd.xml
2025-12-26T14:49:03+0000 [14028] DEBUG [librepo]   https://mirror.yandex.ru/fedora/linux/updates/43/Everything/x86_64/repodata/repomd.xml
2025-12-26T14:49:03+0000 [14028] DEBUG [librepo]   http://mirror.23m.com/fedora/linux/updates/43/Everything/x86_64/repodata/repomd.xml
2025-12-26T14:49:03+0000 [14028] DEBUG [librepo]   https://mirror.23m.com/fedora/linux/updates/43/Everything/x86_64/repodata/repomd.xml
2025-12-26T14:49:03+0000 [14028] DEBUG [librepo]   rsync://mirror.23m.com/fedora/linux/updates/43/Everything/x86_64/repodata/repomd.xml
2025-12-26T14:49:03+0000 [14028] DEBUG [librepo]   http://mirrors.chroot.ro/fedora/linux/updates/43/Everything/x86_64/repodata/repomd.xml
2025-12-26T14:49:03+0000 [14028] DEBUG [librepo]   https://eu.edge.kernel.org/fedora/updates/43/Everything/x86_64/repodata/repomd.xml
2025-12-26T14:49:03+0000 [14028] DEBUG [librepo]   http://fedora.ip-connect.info/linux/updates/43/Everything/x86_64/repodata/repomd.xml
2025-12-26T14:49:03+0000 [14028] DEBUG [librepo]   https://fedora.ip-connect.info/linux/updates/43/Everything/x86_64/repodata/repomd.xml
2025-12-26T14:49:03+0000 [14028] DEBUG [librepo]   rsync://fedora.ip-connect.info/fedora/linux/updates/43/Everything/x86_64/repodata/repomd.xml
2025-12-26T14:49:03+0000 [14028] DEBUG [librepo]   http://fedora.ipacct.com/fedora/linux/updates/43/Everything/x86_64/repodata/repomd.xml
2025-12-26T14:49:03+0000 [14028] DEBUG [librepo]   https://fedora.ipacct.com/fedora/linux/updates/43/Everything/x86_64/repodata/repomd.xml
2025-12-26T14:49:03+0000 [14028] DEBUG [librepo]   rsync://fedora.ipacct.com/fedora/linux/updates/43/Everything/x86_64/repodata/repomd.xml
2025-12-26T14:49:03+0000 [14028] DEBUG [librepo]   https://fedora.ip-connect.vn.ua/linux/updates/43/Everything/x86_64/repodata/repomd.xml
2025-12-26T14:49:03+0000 [14028] DEBUG [librepo]   rsync://fedora.ip-connect.vn.ua/fedora/linux/updates/43/Everything/x86_64/repodata/repomd.xml
2025-12-26T14:49:03+0000 [14028] DEBUG [librepo]   http://fedora.ip-connect.vn.ua/linux/updates/43/Everything/x86_64/repodata/repomd.xml
2025-12-26T14:49:03+0000 [14028] DEBUG [librepo]   rsync://mirror.karneval.cz/fedora/linux/updates/43/Everything/x86_64/repodata/repomd.xml
2025-12-26T14:49:03+0000 [14028] DEBUG [librepo]   https://mirror.karneval.cz/pub/linux/fedora/linux/updates/43/Everything/x86_64/repodata/repomd.xml
2025-12-26T14:49:03+0000 [14028] DEBUG [librepo]   rsync://mirror.i3d.net/fedora/linux/updates/43/Everything/x86_64/repodata/repomd.xml
2025-12-26T14:49:03+0000 [14028] DEBUG [librepo]   https://mirror.i3d.net/pub/fedora/linux/updates/43/Everything/x86_64/repodata/repomd.xml
2025-12-26T14:49:03+0000 [14028] DEBUG [librepo]   http://mirror.i3d.net/pub/fedora/linux/updates/43/Everything/x86_64/repodata/repomd.xml
2025-12-26T14:49:03+0000 [14028] DEBUG [librepo]   https://ftp.lysator.liu.se/pub/fedora/linux/updates/43/Everything/x86_64/repodata/repomd.xml
2025-12-26T14:49:03+0000 [14028] DEBUG [librepo]   http://ftp.lysator.liu.se/pub/fedora/linux/updates/43/Everything/x86_64/repodata/repomd.xml
2025-12-26T14:49:03+0000 [14028] DEBUG [librepo]   rsync://ftp.lysator.liu.se/pub/fedora/linux/updates/43/Everything/x86_64/repodata/repomd.xml
2025-12-26T14:49:03+0000 [14028] DEBUG [librepo]   rsync://ftp.uni-stuttgart.de/fedora/updates/43/Everything/x86_64/repodata/repomd.xml
2025-12-26T14:49:03+0000 [14028] DEBUG [librepo]   https://ftp.uni-stuttgart.de/fedora/updates/43/Everything/x86_64/repodata/repomd.xml
2025-12-26T14:49:03+0000 [14028] DEBUG [librepo]   http://ftp.uni-stuttgart.de/fedora/updates/43/Everything/x86_64/repodata/repomd.xml
2025-12-26T14:49:03+0000 [14028] DEBUG [librepo]   rsync://mirrors.dotsrc.org/fedora-enchilada/linux/updates/43/Everything/x86_64/repodata/repomd.xml
2025-12-26T14:49:03+0000 [14028] DEBUG [librepo]   http://mirrors.dotsrc.org/fedora-enchilada/linux/updates/43/Everything/x86_64/repodata/repomd.xml
2025-12-26T14:49:03+0000 [14028] DEBUG [librepo]   https://mirrors.dotsrc.org/fedora-enchilada/linux/updates/43/Everything/x86_64/repodata/repomd.xml
2025-12-26T14:49:03+0000 [14028] DEBUG [librepo]   https://ftp.upjs.sk/pub/fedora/linux/updates/43/Everything/x86_64/repodata/repomd.xml
2025-12-26T14:49:03+0000 [14028] DEBUG [librepo]   http://ftp.upjs.sk/pub/fedora/linux/updates/43/Everything/x86_64/repodata/repomd.xml
2025-12-26T14:49:03+0000 [14028] DEBUG [librepo]   rsync://ftp.upjs.sk/pub/fedora/linux/updates/43/Everything/x86_64/repodata/repomd.xml
2025-12-26T14:49:03+0000 [14028] DEBUG [librepo]   http://fedora.mirror.liteserver.nl/linux/updates/43/Everything/x86_64/repodata/repomd.xml
2025-12-26T14:49:03+0000 [14028] DEBUG [librepo]   rsync://mirror.liteserver.nl/fedora/linux/updates/43/Everything/x86_64/repodata/repomd.xml
2025-12-26T14:49:03+0000 [14028] DEBUG [librepo]   https://fedora.mirror.liteserver.nl/linux/updates/43/Everything/x86_64/repodata/repomd.xml
2025-12-26T14:49:03+0000 [14028] DEBUG [librepo]   http://mirror.bahnhof.net/pub/fedora/linux/updates/43/Everything/x86_64/repodata/repomd.xml
2025-12-26T14:49:03+0000 [14028] DEBUG [librepo]   https://mirror.bahnhof.net/pub/fedora/linux/updates/43/Everything/x86_64/repodata/repomd.xml
2025-12-26T14:49:03+0000 [14028] DEBUG [librepo]   http://ftp.uni-bayreuth.de/linux/fedora/linux/updates/43/Everything/x86_64/repodata/repomd.xml
2025-12-26T14:49:03+0000 [14028] DEBUG [librepo]   rsync://rsync.uni-bayreuth.de/fedora-enchilada/linux/updates/43/Everything/x86_64/repodata/repomd.xml
2025-12-26T14:49:03+0000 [14028] DEBUG [librepo]   https://mirrors.nxthost.com/fedora/updates/43/Everything/x86_64/repodata/repomd.xml
2025-12-26T14:49:03+0000 [14028] DEBUG [librepo]   http://mirrors.nxthost.com/fedora/updates/43/Everything/x86_64/repodata/repomd.xml
2025-12-26T14:49:03+0000 [14028] DEBUG [librepo]   rsync://mirrors.nxthost.com/fedora/updates/43/Everything/x86_64/repodata/repomd.xml
2025-12-26T14:49:03+0000 [14028] DEBUG [librepo]   https://mirror.plusline.net/fedora/linux/updates/43/Everything/x86_64/repodata/repomd.xml
2025-12-26T14:49:03+0000 [14028] DEBUG [librepo]   rsync://mirror.plusline.net/fedora/linux/updates/43/Everything/x86_64/repodata/repomd.xml
2025-12-26T14:49:03+0000 [14028] DEBUG [librepo]   http://mirror.plusline.net/fedora/linux/updates/43/Everything/x86_64/repodata/repomd.xml
2025-12-26T14:49:03+0000 [14028] DEBUG [librepo]   http://mirror.slu.cz/fedora/linux/updates/43/Everything/x86_64/repodata/repomd.xml
2025-12-26T14:49:03+0000 [14028] DEBUG [librepo]   rsync://mirror.slu.cz/fedora/linux/updates/43/Everything/x86_64/repodata/repomd.xml
2025-12-26T14:49:03+0000 [14028] DEBUG [librepo]   https://mirror.slu.cz/fedora/linux/updates/43/Everything/x86_64/repodata/repomd.xml
2025-12-26T14:49:03+0000 [14028] DEBUG [librepo]   http://ftp.fau.de/fedora/linux/updates/43/Everything/x86_64/repodata/repomd.xml
2025-12-26T14:49:03+0000 [14028] DEBUG [librepo]   https://ftp.fau.de/fedora/linux/updates/43/Everything/x86_64/repodata/repomd.xml
2025-12-26T14:49:03+0000 [14028] DEBUG [librepo]   rsync://ftp.fau.de/fedora/linux/updates/43/Everything/x86_64/repodata/repomd.xml
2025-12-26T14:49:03+0000 [14028] DEBUG [librepo]   https://ftp-stud.hs-esslingen.de/pub/fedora/linux/updates/43/Everything/x86_64/repodata/repomd.xml
2025-12-26T14:49:03+0000 [14028] DEBUG [librepo]   rsync://ftp-stud.hs-esslingen.de/fedora/linux/updates/43/Everything/x86_64/repodata/repomd.xml
2025-12-26T14:49:03+0000 [14028] DEBUG [librepo]   http://ftp-stud.hs-esslingen.de/pub/fedora/linux/updates/43/Everything/x86_64/repodata/repomd.xml
2025-12-26T14:49:03+0000 [14028] DEBUG [librepo]   https://mirrors.xtom.ee/fedora/updates/43/Everything/x86_64/repodata/repomd.xml
2025-12-26T14:49:03+0000 [14028] DEBUG [librepo]   rsync://mirrors.xtom.ee/fedora/updates/43/Everything/x86_64/repodata/repomd.xml
2025-12-26T14:49:03+0000 [14028] DEBUG [librepo]   http://mirrors.xtom.ee/fedora/updates/43/Everything/x86_64/repodata/repomd.xml
2025-12-26T14:49:03+0000 [14028] DEBUG [librepo]   http://mirror.in2p3.fr/pub/fedora/linux/updates/43/Everything/x86_64/repodata/repomd.xml
2025-12-26T14:49:03+0000 [14028] DEBUG [librepo]   rsync://mirror.in2p3.fr/pub/fedora/linux/updates/43/Everything/x86_64/repodata/repomd.xml
2025-12-26T14:49:03+0000 [14028] DEBUG [librepo]   https://mirror.in2p3.fr/pub/fedora/linux/updates/43/Everything/x86_64/repodata/repomd.xml
2025-12-26T14:49:03+0000 [14028] DEBUG [librepo]   https://mirrors.n-ix.net/fedora/linux/updates/43/Everything/x86_64/repodata/repomd.xml
2025-12-26T14:49:03+0000 [14028] DEBUG [librepo]   rsync://mirrors.n-ix.net/fedora/updates/43/Everything/x86_64/repodata/repomd.xml
2025-12-26T14:49:03+0000 [14028] DEBUG [librepo]   http://mirrors.n-ix.net/fedora/linux/updates/43/Everything/x86_64/repodata/repomd.xml
2025-12-26T14:49:03+0000 [14028] DEBUG [librepo]   http://ftp.sh.cvut.cz/fedora/linux/updates/43/Everything/x86_64/repodata/repomd.xml
2025-12-26T14:49:03+0000 [14028] DEBUG [librepo]   https://ftp.sh.cvut.cz/fedora/linux/updates/43/Everything/x86_64/repodata/repomd.xml
2025-12-26T14:49:03+0000 [14028] DEBUG [librepo]   rsync://ftp.sh.cvut.cz/fedora/linux/updates/43/Everything/x86_64/repodata/repomd.xml
2025-12-26T14:49:03+0000 [14028] DEBUG [librepo]   http://mirror.dogado.de/fedora/linux/updates/43/Everything/x86_64/repodata/repomd.xml
2025-12-26T14:49:03+0000 [14028] DEBUG [librepo]   https://mirror.dogado.de/fedora/linux/updates/43/Everything/x86_64/repodata/repomd.xml
2025-12-26T14:49:03+0000 [14028] DEBUG [librepo]   rsync://mirror.dogado.de/fedora/linux/updates/43/Everything/x86_64/repodata/repomd.xml
2025-12-26T14:49:03+0000 [14028] DEBUG [librepo]   rsync://mirror.nl.leaseweb.net/fedora/linux/updates/43/Everything/x86_64/repodata/repomd.xml
2025-12-26T14:49:03+0000 [14028] DEBUG [librepo]   http://mirror.nl.leaseweb.net/fedora/linux/updates/43/Everything/x86_64/repodata/repomd.xml
2025-12-26T14:49:03+0000 [14028] DEBUG [librepo]   rsync://mirror.netsite.dk/fedora/updates/43/Everything/x86_64/repodata/repomd.xml
2025-12-26T14:49:03+0000 [14028] DEBUG [librepo]   https://mirror.netsite.dk/fedora/linux/updates/43/Everything/x86_64/repodata/repomd.xml
2025-12-26T14:49:03+0000 [14028] DEBUG [librepo]   http://mirror.netsite.dk/fedora/linux/updates/43/Everything/x86_64/repodata/repomd.xml
2025-12-26T14:49:03+0000 [14028] DEBUG [librepo]   rsync://rsync.nic.funet.fi/ftp/pub/mirrors/fedora.redhat.com/pub/fedora/linux/updates/43/Everything/x86_64/repodata/repomd.xml
2025-12-26T14:49:03+0000 [14028] DEBUG [librepo]   http://www.nic.funet.fi/pub/mirrors/fedora.redhat.com/pub/fedora/linux/updates/43/Everything/x86_64/repodata/repomd.xml
2025-12-26T14:49:03+0000 [14028] DEBUG [librepo]   https://mirrors.xtom.de/fedora/updates/43/Everything/x86_64/repodata/repomd.xml
2025-12-26T14:49:03+0000 [14028] DEBUG [librepo]   http://mirrors.xtom.de/fedora/updates/43/Everything/x86_64/repodata/repomd.xml
2025-12-26T14:49:03+0000 [14028] DEBUG [librepo]   rsync://mirrors.xtom.de/fedora/updates/43/Everything/x86_64/repodata/repomd.xml
2025-12-26T14:49:03+0000 [14028] DEBUG [librepo]   https://fr2.rpmfind.net/linux/fedora/linux/updates/43/Everything/x86_64/repodata/repomd.xml
2025-12-26T14:49:03+0000 [14028] DEBUG [librepo]   http://fr2.rpmfind.net/linux/fedora/linux/updates/43/Everything/x86_64/repodata/repomd.xml
2025-12-26T14:49:03+0000 [14028] DEBUG [librepo]   rsync://fr2.rpmfind.net/linux/fedora/linux/updates/43/Everything/x86_64/repodata/repomd.xml
2025-12-26T14:49:03+0000 [14028] DEBUG [librepo]   rsync://fedora.tu-chemnitz.de/ftp/pub/linux/fedora/linux/updates/43/Everything/x86_64/repodata/repomd.xml
2025-12-26T14:49:03+0000 [14028] DEBUG [librepo]   http://fedora.tu-chemnitz.de/pub/linux/fedora/linux/updates/43/Everything/x86_64/repodata/repomd.xml
2025-12-26T14:49:03+0000 [14028] DEBUG [librepo]   rsync://distrib-coffee.ipsl.jussieu.fr/pub/linux/fedora/linux/updates/43/Everything/x86_64/repodata/repomd.xml
2025-12-26T14:49:03+0000 [14028] DEBUG [librepo]   http://distrib-coffee.ipsl.jussieu.fr/pub/linux/fedora/linux/updates/43/Everything/x86_64/repodata/repomd.xml
2025-12-26T14:49:03+0000 [14028] DEBUG [librepo]   rsync://fedora-mirror02.rbc.ru/fedora-enchilada/updates/43/Everything/x86_64/repodata/repomd.xml
2025-12-26T14:49:03+0000 [14028] DEBUG [librepo]   http://fedora-mirror02.rbc.ru/pub/fedora/linux/updates/43/Everything/x86_64/repodata/repomd.xml
2025-12-26T14:49:03+0000 [14028] DEBUG [librepo]   https://mirror.maeen.sa/fedora/updates/43/Everything/x86_64/repodata/repomd.xml
2025-12-26T14:49:03+0000 [14028] DEBUG [librepo]   http://mirror.maeen.sa/fedora/updates/43/Everything/x86_64/repodata/repomd.xml
2025-12-26T14:49:03+0000 [14028] DEBUG [librepo]   rsync://mirror.maeen.sa/fedora/updates/43/Everything/x86_64/repodata/repomd.xml
2025-12-26T14:49:03+0000 [14028] DEBUG [librepo]   https://mirror.imt-systems.com/fedora/linux/updates/43/Everything/x86_64/repodata/repomd.xml
2025-12-26T14:49:03+0000 [14028] DEBUG [librepo]   rsync://mirror.imt-systems.com/fedora/linux/updates/43/Everything/x86_64/repodata/repomd.xml
2025-12-26T14:49:03+0000 [14028] DEBUG [librepo]   http://mirror.imt-systems.com/fedora/linux/updates/43/Everything/x86_64/repodata/repomd.xml
2025-12-26T14:49:03+0000 [14028] DEBUG [librepo]   https://distrohub.kyiv.ua/fedora/fedora/linux/updates/43/Everything/x86_64/repodata/repomd.xml
2025-12-26T14:49:03+0000 [14028] DEBUG [librepo]   rsync://distrohub.kyiv.ua/fedora/fedora/linux/updates/43/Everything/x86_64/repodata/repomd.xml
2025-12-26T14:49:03+0000 [14028] DEBUG [librepo]   http://distrohub.kyiv.ua/fedora/fedora/linux/updates/43/Everything/x86_64/repodata/repomd.xml
2025-12-26T14:49:03+0000 [14028] DEBUG [librepo]   http://ftp.otenet.gr/linux/fedora/linux/updates/43/Everything/x86_64/repodata/repomd.xml
2025-12-26T14:49:03+0000 [14028] DEBUG [librepo] lr_handle_prepare_metalink: Metalink parsed
2025-12-26T14:49:03+0000 [14028] DEBUG [librepo] lr_handle_prepare_internal_mirrorlist: Finalizing internal mirrorlist
2025-12-26T14:49:03+0000 [14028] DEBUG [librepo] lr_handle_prepare_internal_mirrorlist: Finalizing mirrors reported via LRI_MIRRORS
2025-12-26T14:49:03+0000 [14028] DEBUG [librepo] lr_get_best_checksum: Expected checksum for repomd.xml: (sha512) b38442d6f026f7829b0c5392266e30ef2472f2b3b66ec01494f8ee4acd10e66f66839adefd6ac9adf25990d6958099888ebefb3abea379621308d8c127f15124
2025-12-26T14:49:03+0000 [14028] DEBUG [librepo] lr_get_best_checksum: Expected alternate checksum for repomd.xml: (sha512) 692038453bf6f6c907aaa9f1fc1241f4456f331a783cc532cd3237607010eb5225cb7651fedd6e01dfa3ad819faf782442eed532ef39b655c2616c52617d259f
2025-12-26T14:49:03+0000 [14028] DEBUG [librepo] lr_get_best_checksum: Expected alternate checksum for repomd.xml: (sha512) 618cc92a6dcc3fb691bfc1fcb33fc6426fdaa7fda67fd93cb7c64ff0dd1b0811983cb68945d392e583e180babfe195bbbccc9d1557a88661af625e7d2293f076
2025-12-26T14:49:03+0000 [14028] DEBUG [librepo] lr_get_best_checksum: Expected alternate checksum for repomd.xml: (sha512) 6801de4bcb0ca17cd85ceed4111f76ae20ba8c84f52c3e08d72cca665ca1e22308776a76d7314801db3714007547e3ece8f2580d8542259261d2d0e46250f444
2025-12-26T14:49:03+0000 [14028] DEBUG [librepo] lr_handle_prepare_internal_mirrorlist: Preparing internal mirrorlist
2025-12-26T14:49:03+0000 [14028] DEBUG [librepo] lr_download: Target: https://mirrors.fedoraproject.org/metalink?repo=fedora-cisco-openh264-43&arch=x86_64 (-)
2025-12-26T14:49:03+0000 [14028] DEBUG [librepo] Selecting mirror for: https://mirrors.fedoraproject.org/metalink?repo=fedora-cisco-openh264-43&arch=x86_64
2025-12-26T14:49:03+0000 [14028] INFO [librepo] Downloading: https://mirrors.fedoraproject.org/metalink?repo=fedora-cisco-openh264-43&arch=x86_64
2025-12-26T14:49:03+0000 [14028] DEBUG [librepo] lr_download: Downloading started
2025-12-26T14:49:03+0000 [14028] DEBUG [librepo] Transfer finished: https://mirrors.fedoraproject.org/metalink?repo=fedora-cisco-openh264-43&arch=x86_64 (Effective url: https://mirrors.fedoraproject.org/metalink?repo=fedora-cisco-openh264-43&arch=x86_64)
2025-12-26T14:49:03+0000 [14028] DEBUG [librepo] lr_handle_prepare_metalink: Parsing metalink.xml
2025-12-26T14:49:03+0000 [14028] DEBUG [librepo] lr_handle_prepare_metalink: Mirrors from metalink:
2025-12-26T14:49:03+0000 [14028] DEBUG [librepo]   https://codecs.fedoraproject.org/openh264/43/x86_64/repodata/repomd.xml
2025-12-26T14:49:03+0000 [14028] DEBUG [librepo] lr_handle_prepare_metalink: Metalink parsed
2025-12-26T14:49:03+0000 [14028] DEBUG [librepo] lr_handle_prepare_internal_mirrorlist: Finalizing internal mirrorlist
2025-12-26T14:49:03+0000 [14028] DEBUG [librepo] lr_handle_prepare_internal_mirrorlist: Finalizing mirrors reported via LRI_MIRRORS
2025-12-26T14:49:03+0000 [14028] DEBUG [librepo] lr_get_best_checksum: Expected checksum for repomd.xml: (sha512) ee95925e58f3e99dd1aecab63dc7ec8008c28a35d14d3acafdf5ae41506254be4fc29732c294c709eb15dfbd3fd09ce3ad23614f5446dfda24ca5d422ddebc0e
2025-12-26T14:49:03+0000 [14028] DEBUG [librepo] lr_download: Target: repodata/repomd.xml (-)
2025-12-26T14:49:03+0000 [14028] DEBUG [librepo] lr_prepare_lrmirrors: Preparing internal mirror list for handle id: 0x55bc511a2380
2025-12-26T14:49:03+0000 [14028] DEBUG [librepo] lr_prepare_lrmirrors: Mirror: https://fedora.mirrorservice.org/fedora/linux/releases/43/Everything/x86_64/os/
2025-12-26T14:49:03+0000 [14028] DEBUG [librepo] lr_prepare_lrmirrors: Mirror: http://fedora.mirrorservice.org/fedora/linux/releases/43/Everything/x86_64/os/
2025-12-26T14:49:03+0000 [14028] DEBUG [librepo] lr_prepare_lrmirrors: Mirror: rsync://rsync.mirrorservice.org/dl.fedoraproject.org/pub/fedora/linux/releases/43/Everything/x86_64/os/
2025-12-26T14:49:03+0000 [14028] DEBUG [librepo] lr_prepare_lrmirrors: Mirror: https://ask4.mm.fcix.net/fedora/linux/releases/43/Everything/x86_64/os/
2025-12-26T14:49:03+0000 [14028] DEBUG [librepo] lr_prepare_lrmirrors: Mirror: http://ask4.mm.fcix.net/fedora/linux/releases/43/Everything/x86_64/os/
2025-12-26T14:49:03+0000 [14028] DEBUG [librepo] lr_prepare_lrmirrors: Mirror: rsync://ask4.mm.fcix.net/fedora-enchilada/linux/releases/43/Everything/x86_64/os/
2025-12-26T14:49:03+0000 [14028] DEBUG [librepo] lr_prepare_lrmirrors: Mirror: http://creeperhost.mm.fcix.net/fedora/linux/releases/43/Everything/x86_64/os/
2025-12-26T14:49:03+0000 [14028] DEBUG [librepo] lr_prepare_lrmirrors: Mirror: https://creeperhost.mm.fcix.net/fedora/linux/releases/43/Everything/x86_64/os/
2025-12-26T14:49:03+0000 [14028] DEBUG [librepo] lr_prepare_lrmirrors: Mirror: rsync://creeperhost.mm.fcix.net/fedora-enchilada/linux/releases/43/Everything/x86_64/os/
2025-12-26T14:49:03+0000 [14028] DEBUG [librepo] lr_prepare_lrmirrors: Mirror: https://b4sh.mm.fcix.net/fedora/linux/releases/43/Everything/x86_64/os/
2025-12-26T14:49:03+0000 [14028] DEBUG [librepo] lr_prepare_lrmirrors: Mirror: http://b4sh.mm.fcix.net/fedora/linux/releases/43/Everything/x86_64/os/
2025-12-26T14:49:03+0000 [14028] DEBUG [librepo] lr_prepare_lrmirrors: Mirror: rsync://b4sh.mm.fcix.net/fedora-enchilada/linux/releases/43/Everything/x86_64/os/
2025-12-26T14:49:03+0000 [14028] DEBUG [librepo] lr_prepare_lrmirrors: Mirror: rsync://mirror.karneval.cz/fedora/linux/releases/43/Everything/x86_64/os/
2025-12-26T14:49:03+0000 [14028] DEBUG [librepo] lr_prepare_lrmirrors: Mirror: https://mirror.karneval.cz/pub/linux/fedora/linux/releases/43/Everything/x86_64/os/
2025-12-26T14:49:03+0000 [14028] DEBUG [librepo] lr_prepare_lrmirrors: Mirror: http://mirror.accum.se/mirror/fedora/linux/releases/43/Everything/x86_64/os/
2025-12-26T14:49:03+0000 [14028] DEBUG [librepo] lr_prepare_lrmirrors: Mirror: rsync://mirror.accum.se/mirror/fedora/linux/releases/43/Everything/x86_64/os/
2025-12-26T14:49:03+0000 [14028] DEBUG [librepo] lr_prepare_lrmirrors: Mirror: https://mirror.accum.se/mirror/fedora/linux/releases/43/Everything/x86_64/os/
2025-12-26T14:49:03+0000 [14028] DEBUG [librepo] lr_prepare_lrmirrors: Mirror: http://mirror.bahnhof.net/pub/fedora/linux/releases/43/Everything/x86_64/os/
2025-12-26T14:49:03+0000 [14028] DEBUG [librepo] lr_prepare_lrmirrors: Mirror: https://mirror.bahnhof.net/pub/fedora/linux/releases/43/Everything/x86_64/os/
2025-12-26T14:49:03+0000 [14028] DEBUG [librepo] lr_prepare_lrmirrors: Mirror: rsync://mirror.i3d.net/fedora/linux/releases/43/Everything/x86_64/os/
2025-12-26T14:49:03+0000 [14028] DEBUG [librepo] lr_prepare_lrmirrors: Mirror: https://mirror.i3d.net/pub/fedora/linux/releases/43/Everything/x86_64/os/
2025-12-26T14:49:03+0000 [14028] DEBUG [librepo] lr_prepare_lrmirrors: Mirror: http://mirror.i3d.net/pub/fedora/linux/releases/43/Everything/x86_64/os/
2025-12-26T14:49:03+0000 [14028] DEBUG [librepo] lr_prepare_lrmirrors: Mirror: rsync://ftp.uni-stuttgart.de/fedora/releases/43/Everything/x86_64/os/
2025-12-26T14:49:03+0000 [14028] DEBUG [librepo] lr_prepare_lrmirrors: Mirror: https://ftp.uni-stuttgart.de/fedora/releases/43/Everything/x86_64/os/
2025-12-26T14:49:03+0000 [14028] DEBUG [librepo] lr_prepare_lrmirrors: Mirror: http://ftp.uni-stuttgart.de/fedora/releases/43/Everything/x86_64/os/
2025-12-26T14:49:03+0000 [14028] DEBUG [librepo] lr_prepare_lrmirrors: Mirror: http://mirror.yandex.ru/fedora/linux/releases/43/Everything/x86_64/os/
2025-12-26T14:49:03+0000 [14028] DEBUG [librepo] lr_prepare_lrmirrors: Mirror: rsync://mirror.yandex.ru/fedora/linux/releases/43/Everything/x86_64/os/
2025-12-26T14:49:03+0000 [14028] DEBUG [librepo] lr_prepare_lrmirrors: Mirror: https://mirror.yandex.ru/fedora/linux/releases/43/Everything/x86_64/os/
2025-12-26T14:49:03+0000 [14028] DEBUG [librepo] lr_prepare_lrmirrors: Mirror: https://fedora.ip-connect.vn.ua/linux/releases/43/Everything/x86_64/os/
2025-12-26T14:49:03+0000 [14028] DEBUG [librepo] lr_prepare_lrmirrors: Mirror: rsync://fedora.ip-connect.vn.ua/fedora/linux/releases/43/Everything/x86_64/os/
2025-12-26T14:49:03+0000 [14028] DEBUG [librepo] lr_prepare_lrmirrors: Mirror: http://fedora.ip-connect.vn.ua/linux/releases/43/Everything/x86_64/os/
2025-12-26T14:49:03+0000 [14028] DEBUG [librepo] lr_prepare_lrmirrors: Mirror: https://mirrors.nxthost.com/fedora/releases/43/Everything/x86_64/os/
2025-12-26T14:49:03+0000 [14028] DEBUG [librepo] lr_prepare_lrmirrors: Mirror: http://mirrors.nxthost.com/fedora/releases/43/Everything/x86_64/os/
2025-12-26T14:49:03+0000 [14028] DEBUG [librepo] lr_prepare_lrmirrors: Mirror: rsync://mirrors.nxthost.com/fedora/releases/43/Everything/x86_64/os/
2025-12-26T14:49:03+0000 [14028] DEBUG [librepo] lr_prepare_lrmirrors: Mirror: https://mirrors.n-ix.net/fedora/linux/releases/43/Everything/x86_64/os/
2025-12-26T14:49:03+0000 [14028] DEBUG [librepo] lr_prepare_lrmirrors: Mirror: rsync://mirrors.n-ix.net/fedora/releases/43/Everything/x86_64/os/
2025-12-26T14:49:03+0000 [14028] DEBUG [librepo] lr_prepare_lrmirrors: Mirror: http://mirrors.n-ix.net/fedora/linux/releases/43/Everything/x86_64/os/
2025-12-26T14:49:03+0000 [14028] DEBUG [librepo] lr_prepare_lrmirrors: Mirror: http://fedora.ip-connect.info/linux/releases/43/Everything/x86_64/os/
2025-12-26T14:49:03+0000 [14028] DEBUG [librepo] lr_prepare_lrmirrors: Mirror: https://fedora.ip-connect.info/linux/releases/43/Everything/x86_64/os/
2025-12-26T14:49:03+0000 [14028] DEBUG [librepo] lr_prepare_lrmirrors: Mirror: rsync://fedora.ip-connect.info/fedora/linux/releases/43/Everything/x86_64/os/
2025-12-26T14:49:03+0000 [14028] DEBUG [librepo] lr_prepare_lrmirrors: Mirror: http://mirror.dogado.de/fedora/linux/releases/43/Everything/x86_64/os/
2025-12-26T14:49:03+0000 [14028] DEBUG [librepo] lr_prepare_lrmirrors: Mirror: https://mirror.dogado.de/fedora/linux/releases/43/Everything/x86_64/os/
2025-12-26T14:49:03+0000 [14028] DEBUG [librepo] lr_prepare_lrmirrors: Mirror: rsync://mirror.dogado.de/fedora/linux/releases/43/Everything/x86_64/os/
2025-12-26T14:49:03+0000 [14028] DEBUG [librepo] lr_prepare_lrmirrors: Mirror: https://fr2.rpmfind.net/linux/fedora/linux/releases/43/Everything/x86_64/os/
2025-12-26T14:49:03+0000 [14028] DEBUG [librepo] lr_prepare_lrmirrors: Mirror: http://fr2.rpmfind.net/linux/fedora/linux/releases/43/Everything/x86_64/os/
2025-12-26T14:49:03+0000 [14028] DEBUG [librepo] lr_prepare_lrmirrors: Mirror: rsync://fr2.rpmfind.net/linux/fedora/linux/releases/43/Everything/x86_64/os/
2025-12-26T14:49:03+0000 [14028] DEBUG [librepo] lr_prepare_lrmirrors: Mirror: http://ftp.fau.de/fedora/linux/releases/43/Everything/x86_64/os/
2025-12-26T14:49:03+0000 [14028] DEBUG [librepo] lr_prepare_lrmirrors: Mirror: https://ftp.fau.de/fedora/linux/releases/43/Everything/x86_64/os/
2025-12-26T14:49:03+0000 [14028] DEBUG [librepo] lr_prepare_lrmirrors: Mirror: rsync://ftp.fau.de/fedora/linux/releases/43/Everything/x86_64/os/
2025-12-26T14:49:03+0000 [14028] DEBUG [librepo] lr_prepare_lrmirrors: Mirror: http://fedora.mirror.root.lu/releases/43/Everything/x86_64/os/
2025-12-26T14:49:03+0000 [14028] DEBUG [librepo] lr_prepare_lrmirrors: Mirror: rsync://fedora.tu-chemnitz.de/ftp/pub/linux/fedora/linux/releases/43/Everything/x86_64/os/
2025-12-26T14:49:03+0000 [14028] DEBUG [librepo] lr_prepare_lrmirrors: Mirror: http://fedora.tu-chemnitz.de/pub/linux/fedora/linux/releases/43/Everything/x86_64/os/
2025-12-26T14:49:03+0000 [14028] DEBUG [librepo] lr_prepare_lrmirrors: Mirror: https://eu.edge.kernel.org/fedora/releases/43/Everything/x86_64/os/
2025-12-26T14:49:03+0000 [14028] DEBUG [librepo] lr_prepare_lrmirrors: Mirror: rsync://mirror.netsite.dk/fedora/releases/43/Everything/x86_64/os/
2025-12-26T14:49:03+0000 [14028] DEBUG [librepo] lr_prepare_lrmirrors: Mirror: https://mirror.netsite.dk/fedora/linux/releases/43/Everything/x86_64/os/
2025-12-26T14:49:03+0000 [14028] DEBUG [librepo] lr_prepare_lrmirrors: Mirror: http://mirror.netsite.dk/fedora/linux/releases/43/Everything/x86_64/os/
2025-12-26T14:49:03+0000 [14028] DEBUG [librepo] lr_prepare_lrmirrors: Mirror: http://mirror.telepoint.bg/fedora/releases/43/Everything/x86_64/os/
2025-12-26T14:49:03+0000 [14028] DEBUG [librepo] lr_prepare_lrmirrors: Mirror: rsync://mirror.telepoint.bg/fedora/releases/43/Everything/x86_64/os/
2025-12-26T14:49:03+0000 [14028] DEBUG [librepo] lr_prepare_lrmirrors: Mirror: https://mirror.telepoint.bg/fedora/releases/43/Everything/x86_64/os/
2025-12-26T14:49:03+0000 [14028] DEBUG [librepo] lr_prepare_lrmirrors: Mirror: http://ftp.uni-bayreuth.de/linux/fedora/linux/releases/43/Everything/x86_64/os/
2025-12-26T14:49:03+0000 [14028] DEBUG [librepo] lr_prepare_lrmirrors: Mirror: rsync://rsync.uni-bayreuth.de/fedora-enchilada/linux/releases/43/Everything/x86_64/os/
2025-12-26T14:49:03+0000 [14028] DEBUG [librepo] lr_prepare_lrmirrors: Mirror: http://mirror.netzwerge.de/fedora/linux/releases/43/Everything/x86_64/os/
2025-12-26T14:49:03+0000 [14028] DEBUG [librepo] lr_prepare_lrmirrors: Mirror: https://mirror.netzwerge.de/fedora/linux/releases/43/Everything/x86_64/os/
2025-12-26T14:49:03+0000 [14028] DEBUG [librepo] lr_prepare_lrmirrors: Mirror: rsync://mirror.netzwerge.de/fedora/linux/releases/43/Everything/x86_64/os/
2025-12-26T14:49:03+0000 [14028] DEBUG [librepo] lr_prepare_lrmirrors: Mirror: http://mirror.slu.cz/fedora/linux/releases/43/Everything/x86_64/os/
2025-12-26T14:49:03+0000 [14028] DEBUG [librepo] lr_prepare_lrmirrors: Mirror: rsync://mirror.slu.cz/fedora/linux/releases/43/Everything/x86_64/os/
2025-12-26T14:49:03+0000 [14028] DEBUG [librepo] lr_prepare_lrmirrors: Mirror: https://mirror.slu.cz/fedora/linux/releases/43/Everything/x86_64/os/
2025-12-26T14:49:03+0000 [14028] DEBUG [librepo] lr_prepare_lrmirrors: Mirror: https://ftp.lysator.liu.se/pub/fedora/linux/releases/43/Everything/x86_64/os/
2025-12-26T14:49:03+0000 [14028] DEBUG [librepo] lr_prepare_lrmirrors: Mirror: http://ftp.lysator.liu.se/pub/fedora/linux/releases/43/Everything/x86_64/os/
2025-12-26T14:49:03+0000 [14028] DEBUG [librepo] lr_prepare_lrmirrors: Mirror: rsync://ftp.lysator.liu.se/pub/fedora/linux/releases/43/Everything/x86_64/os/
2025-12-26T14:49:03+0000 [14028] DEBUG [librepo] lr_prepare_lrmirrors: Mirror: http://mirror.in2p3.fr/pub/fedora/linux/releases/43/Everything/x86_64/os/
2025-12-26T14:49:03+0000 [14028] DEBUG [librepo] lr_prepare_lrmirrors: Mirror: rsync://mirror.in2p3.fr/pub/fedora/linux/releases/43/Everything/x86_64/os/
2025-12-26T14:49:03+0000 [14028] DEBUG [librepo] lr_prepare_lrmirrors: Mirror: https://mirror.in2p3.fr/pub/fedora/linux/releases/43/Everything/x86_64/os/
2025-12-26T14:49:03+0000 [14028] DEBUG [librepo] lr_prepare_lrmirrors: Mirror: https://mirrors.xtom.de/fedora/releases/43/Everything/x86_64/os/
2025-12-26T14:49:03+0000 [14028] DEBUG [librepo] lr_prepare_lrmirrors: Mirror: http://mirrors.xtom.de/fedora/releases/43/Everything/x86_64/os/
2025-12-26T14:49:03+0000 [14028] DEBUG [librepo] lr_prepare_lrmirrors: Mirror: rsync://mirrors.xtom.de/fedora/releases/43/Everything/x86_64/os/
2025-12-26T14:49:03+0000 [14028] DEBUG [librepo] lr_prepare_lrmirrors: Mirror: http://mirror.23m.com/fedora/linux/releases/43/Everything/x86_64/os/
2025-12-26T14:49:03+0000 [14028] DEBUG [librepo] lr_prepare_lrmirrors: Mirror: https://mirror.23m.com/fedora/linux/releases/43/Everything/x86_64/os/
2025-12-26T14:49:03+0000 [14028] DEBUG [librepo] lr_prepare_lrmirrors: Mirror: rsync://mirror.23m.com/fedora/linux/releases/43/Everything/x86_64/os/
2025-12-26T14:49:03+0000 [14028] DEBUG [librepo] lr_prepare_lrmirrors: Mirror: https://www.fedora.is/fedora/releases/43/Everything/x86_64/os/
2025-12-26T14:49:03+0000 [14028] DEBUG [librepo] lr_prepare_lrmirrors: Mirror: http://www.fedora.is/fedora/releases/43/Everything/x86_64/os/
2025-12-26T14:49:03+0000 [14028] DEBUG [librepo] lr_prepare_lrmirrors: Mirror: rsync://www.fedora.is/fedora/releases/43/Everything/x86_64/os/
2025-12-26T14:49:03+0000 [14028] DEBUG [librepo] lr_prepare_lrmirrors: Mirror: rsync://rsync.nic.funet.fi/ftp/pub/mirrors/fedora.redhat.com/pub/fedora/linux/releases/43/Everything/x86_64/os/
2025-12-26T14:49:03+0000 [14028] DEBUG [librepo] lr_prepare_lrmirrors: Mirror: http://www.nic.funet.fi/pub/mirrors/fedora.redhat.com/pub/fedora/linux/releases/43/Everything/x86_64/os/
2025-12-26T14:49:03+0000 [14028] DEBUG [librepo] lr_prepare_lrmirrors: Mirror: rsync://mirrors.dotsrc.org/fedora-enchilada/linux/releases/43/Everything/x86_64/os/
2025-12-26T14:49:03+0000 [14028] DEBUG [librepo] lr_prepare_lrmirrors: Mirror: http://mirrors.dotsrc.org/fedora-enchilada/linux/releases/43/Everything/x86_64/os/
2025-12-26T14:49:03+0000 [14028] DEBUG [librepo] lr_prepare_lrmirrors: Mirror: https://mirrors.dotsrc.org/fedora-enchilada/linux/releases/43/Everything/x86_64/os/
2025-12-26T14:49:03+0000 [14028] DEBUG [librepo] lr_prepare_lrmirrors: Mirror: https://mirror.init7.net/fedora/fedora/linux/releases/43/Everything/x86_64/os/
2025-12-26T14:49:03+0000 [14028] DEBUG [librepo] lr_prepare_lrmirrors: Mirror: http://mirror.init7.net/fedora/fedora/linux/releases/43/Everything/x86_64/os/
2025-12-26T14:49:03+0000 [14028] DEBUG [librepo] lr_prepare_lrmirrors: Mirror: https://ftp.upjs.sk/pub/fedora/linux/releases/43/Everything/x86_64/os/
2025-12-26T14:49:03+0000 [14028] DEBUG [librepo] lr_prepare_lrmirrors: Mirror: http://ftp.upjs.sk/pub/fedora/linux/releases/43/Everything/x86_64/os/
2025-12-26T14:49:03+0000 [14028] DEBUG [librepo] lr_prepare_lrmirrors: Mirror: rsync://ftp.upjs.sk/pub/fedora/linux/releases/43/Everything/x86_64/os/
2025-12-26T14:49:03+0000 [14028] DEBUG [librepo] lr_prepare_lrmirrors: Mirror: https://mirrors.xtom.ee/fedora/releases/43/Everything/x86_64/os/
2025-12-26T14:49:03+0000 [14028] DEBUG [librepo] lr_prepare_lrmirrors: Mirror: rsync://mirrors.xtom.ee/fedora/releases/43/Everything/x86_64/os/
2025-12-26T14:49:03+0000 [14028] DEBUG [librepo] lr_prepare_lrmirrors: Mirror: http://mirrors.xtom.ee/fedora/releases/43/Everything/x86_64/os/
2025-12-26T14:49:03+0000 [14028] DEBUG [librepo] lr_prepare_lrmirrors: Mirror: rsync://mirror.nl.leaseweb.net/fedora/linux/releases/43/Everything/x86_64/os/
2025-12-26T14:49:03+0000 [14028] DEBUG [librepo] lr_prepare_lrmirrors: Mirror: http://mirror.nl.leaseweb.net/fedora/linux/releases/43/Everything/x86_64/os/
2025-12-26T14:49:03+0000 [14028] DEBUG [librepo] lr_prepare_lrmirrors: Mirror: http://fedora.mirror.liteserver.nl/linux/releases/43/Everything/x86_64/os/
2025-12-26T14:49:03+0000 [14028] DEBUG [librepo] lr_prepare_lrmirrors: Mirror: rsync://mirror.liteserver.nl/fedora/linux/releases/43/Everything/x86_64/os/
2025-12-26T14:49:03+0000 [14028] DEBUG [librepo] lr_prepare_lrmirrors: Mirror: https://fedora.mirror.liteserver.nl/linux/releases/43/Everything/x86_64/os/
2025-12-26T14:49:03+0000 [14028] DEBUG [librepo] lr_prepare_lrmirrors: Mirror: https://mirror.plusline.net/fedora/linux/releases/43/Everything/x86_64/os/
2025-12-26T14:49:03+0000 [14028] DEBUG [librepo] lr_prepare_lrmirrors: Mirror: rsync://mirror.plusline.net/fedora/linux/releases/43/Everything/x86_64/os/
2025-12-26T14:49:03+0000 [14028] DEBUG [librepo] lr_prepare_lrmirrors: Mirror: http://mirror.plusline.net/fedora/linux/releases/43/Everything/x86_64/os/
2025-12-26T14:49:03+0000 [14028] DEBUG [librepo] lr_prepare_lrmirrors: Mirror: http://ftp.sh.cvut.cz/fedora/linux/releases/43/Everything/x86_64/os/
2025-12-26T14:49:03+0000 [14028] DEBUG [librepo] lr_prepare_lrmirrors: Mirror: https://ftp.sh.cvut.cz/fedora/linux/releases/43/Everything/x86_64/os/
2025-12-26T14:49:03+0000 [14028] DEBUG [librepo] lr_prepare_lrmirrors: Mirror: rsync://ftp.sh.cvut.cz/fedora/linux/releases/43/Everything/x86_64/os/
2025-12-26T14:49:03+0000 [14028] DEBUG [librepo] lr_prepare_lrmirrors: Mirror: https://ftp-stud.hs-esslingen.de/pub/fedora/linux/releases/43/Everything/x86_64/os/
2025-12-26T14:49:03+0000 [14028] DEBUG [librepo] lr_prepare_lrmirrors: Mirror: rsync://ftp-stud.hs-esslingen.de/fedora/linux/releases/43/Everything/x86_64/os/
2025-12-26T14:49:03+0000 [14028] DEBUG [librepo] lr_prepare_lrmirrors: Mirror: http://ftp-stud.hs-esslingen.de/pub/fedora/linux/releases/43/Everything/x86_64/os/
2025-12-26T14:49:03+0000 [14028] DEBUG [librepo] lr_prepare_lrmirrors: Mirror: http://fedora.ipacct.com/fedora/linux/releases/43/Everything/x86_64/os/
2025-12-26T14:49:03+0000 [14028] DEBUG [librepo] lr_prepare_lrmirrors: Mirror: https://fedora.ipacct.com/fedora/linux/releases/43/Everything/x86_64/os/
2025-12-26T14:49:03+0000 [14028] DEBUG [librepo] lr_prepare_lrmirrors: Mirror: rsync://fedora.ipacct.com/fedora/linux/releases/43/Everything/x86_64/os/
2025-12-26T14:49:03+0000 [14028] DEBUG [librepo] lr_prepare_lrmirrors: Mirror: http://ftp.cica.es/fedora/linux/releases/43/Everything/x86_64/os/
2025-12-26T14:49:03+0000 [14028] DEBUG [librepo] lr_prepare_lrmirrors: Mirror: rsync://rsync.cica.es/fedora-linux/releases/43/Everything/x86_64/os/
2025-12-26T14:49:03+0000 [14028] DEBUG [librepo] lr_prepare_lrmirrors: Mirror: rsync://distrib-coffee.ipsl.jussieu.fr/pub/linux/fedora/linux/releases/43/Everything/x86_64/os/
2025-12-26T14:49:03+0000 [14028] DEBUG [librepo] lr_prepare_lrmirrors: Mirror: http://distrib-coffee.ipsl.jussieu.fr/pub/linux/fedora/linux/releases/43/Everything/x86_64/os/
2025-12-26T14:49:03+0000 [14028] DEBUG [librepo] lr_prepare_lrmirrors: Mirror: https://mirror.maeen.sa/fedora/releases/43/Everything/x86_64/os/
2025-12-26T14:49:03+0000 [14028] DEBUG [librepo] lr_prepare_lrmirrors: Mirror: http://mirror.maeen.sa/fedora/releases/43/Everything/x86_64/os/
2025-12-26T14:49:03+0000 [14028] DEBUG [librepo] lr_prepare_lrmirrors: Mirror: rsync://mirror.maeen.sa/fedora/releases/43/Everything/x86_64/os/
2025-12-26T14:49:03+0000 [14028] DEBUG [librepo] lr_prepare_lrmirrors: Mirror: http://mirrors.ircam.fr/pub/fedora/linux/releases/43/Everything/x86_64/os/
2025-12-26T14:49:03+0000 [14028] DEBUG [librepo] lr_prepare_lrmirrors: Mirror: rsync://mirrors.ircam.fr/fedora-linux/releases/43/Everything/x86_64/os/
2025-12-26T14:49:03+0000 [14028] DEBUG [librepo] lr_prepare_lrmirrors: Mirror: https://mirrors.ircam.fr/pub/fedora/linux/releases/43/Everything/x86_64/os/
2025-12-26T14:49:03+0000 [14028] DEBUG [librepo] lr_prepare_lrmirrors: Mirror: https://mirror.imt-systems.com/fedora/linux/releases/43/Everything/x86_64/os/
2025-12-26T14:49:03+0000 [14028] DEBUG [librepo] lr_prepare_lrmirrors: Mirror: rsync://mirror.imt-systems.com/fedora/linux/releases/43/Everything/x86_64/os/
2025-12-26T14:49:03+0000 [14028] DEBUG [librepo] lr_prepare_lrmirrors: Mirror: http://mirror.imt-systems.com/fedora/linux/releases/43/Everything/x86_64/os/
2025-12-26T14:49:03+0000 [14028] DEBUG [librepo] lr_prepare_lrmirrors: Mirror: http://mirror.etf.bg.ac.rs/fedora/releases/43/Everything/x86_64/os/
2025-12-26T14:49:03+0000 [14028] DEBUG [librepo] lr_prepare_lrmirrors: Mirror: rsync://fedora-mirror02.rbc.ru/fedora-enchilada/releases/43/Everything/x86_64/os/
2025-12-26T14:49:03+0000 [14028] DEBUG [librepo] lr_prepare_lrmirrors: Mirror: http://fedora-mirror02.rbc.ru/pub/fedora/linux/releases/43/Everything/x86_64/os/
2025-12-26T14:49:03+0000 [14028] DEBUG [librepo] lr_prepare_lrmirrors: Mirror: https://distrohub.kyiv.ua/fedora/fedora/linux/releases/43/Everything/x86_64/os/
2025-12-26T14:49:03+0000 [14028] DEBUG [librepo] lr_prepare_lrmirrors: Mirror: rsync://distrohub.kyiv.ua/fedora/fedora/linux/releases/43/Everything/x86_64/os/
2025-12-26T14:49:03+0000 [14028] DEBUG [librepo] lr_prepare_lrmirrors: Mirror: http://distrohub.kyiv.ua/fedora/fedora/linux/releases/43/Everything/x86_64/os/
2025-12-26T14:49:03+0000 [14028] DEBUG [librepo] lr_prepare_lrmirrors: Mirror: http://mirrors.chroot.ro/fedora/linux/releases/43/Everything/x86_64/os/
2025-12-26T14:49:03+0000 [14028] DEBUG [librepo] lr_prepare_lrmirrors: Mirror: http://ftp.otenet.gr/linux/fedora/linux/releases/43/Everything/x86_64/os/
2025-12-26T14:49:03+0000 [14028] DEBUG [librepo] lr_download: Target: repodata/repomd.xml (-)
2025-12-26T14:49:03+0000 [14028] DEBUG [librepo] lr_prepare_lrmirrors: Preparing internal mirror list for handle id: 0x55bc50fec7d0
2025-12-26T14:49:03+0000 [14028] DEBUG [librepo] lr_prepare_lrmirrors: Mirror: https://fedora.mirrorservice.org/fedora/linux/updates/43/Everything/x86_64/
2025-12-26T14:49:03+0000 [14028] DEBUG [librepo] lr_prepare_lrmirrors: Mirror: http://fedora.mirrorservice.org/fedora/linux/updates/43/Everything/x86_64/
2025-12-26T14:49:03+0000 [14028] DEBUG [librepo] lr_prepare_lrmirrors: Mirror: rsync://rsync.mirrorservice.org/dl.fedoraproject.org/pub/fedora/linux/updates/43/Everything/x86_64/
2025-12-26T14:49:03+0000 [14028] DEBUG [librepo] lr_prepare_lrmirrors: Mirror: http://creeperhost.mm.fcix.net/fedora/linux/updates/43/Everything/x86_64/
2025-12-26T14:49:03+0000 [14028] DEBUG [librepo] lr_prepare_lrmirrors: Mirror: https://creeperhost.mm.fcix.net/fedora/linux/updates/43/Everything/x86_64/
2025-12-26T14:49:03+0000 [14028] DEBUG [librepo] lr_prepare_lrmirrors: Mirror: rsync://creeperhost.mm.fcix.net/fedora-enchilada/linux/updates/43/Everything/x86_64/
2025-12-26T14:49:03+0000 [14028] DEBUG [librepo] lr_prepare_lrmirrors: Mirror: https://ask4.mm.fcix.net/fedora/linux/updates/43/Everything/x86_64/
2025-12-26T14:49:03+0000 [14028] DEBUG [librepo] lr_prepare_lrmirrors: Mirror: http://ask4.mm.fcix.net/fedora/linux/updates/43/Everything/x86_64/
2025-12-26T14:49:03+0000 [14028] DEBUG [librepo] lr_prepare_lrmirrors: Mirror: rsync://ask4.mm.fcix.net/fedora-enchilada/linux/updates/43/Everything/x86_64/
2025-12-26T14:49:03+0000 [14028] DEBUG [librepo] lr_prepare_lrmirrors: Mirror: https://b4sh.mm.fcix.net/fedora/linux/updates/43/Everything/x86_64/
2025-12-26T14:49:03+0000 [14028] DEBUG [librepo] lr_prepare_lrmirrors: Mirror: http://b4sh.mm.fcix.net/fedora/linux/updates/43/Everything/x86_64/
2025-12-26T14:49:03+0000 [14028] DEBUG [librepo] lr_prepare_lrmirrors: Mirror: rsync://b4sh.mm.fcix.net/fedora-enchilada/linux/updates/43/Everything/x86_64/
2025-12-26T14:49:03+0000 [14028] DEBUG [librepo] lr_prepare_lrmirrors: Mirror: http://mirror.yandex.ru/fedora/linux/updates/43/Everything/x86_64/
2025-12-26T14:49:03+0000 [14028] DEBUG [librepo] lr_prepare_lrmirrors: Mirror: rsync://mirror.yandex.ru/fedora/linux/updates/43/Everything/x86_64/
2025-12-26T14:49:03+0000 [14028] DEBUG [librepo] lr_prepare_lrmirrors: Mirror: https://mirror.yandex.ru/fedora/linux/updates/43/Everything/x86_64/
2025-12-26T14:49:03+0000 [14028] DEBUG [librepo] lr_prepare_lrmirrors: Mirror: http://mirror.23m.com/fedora/linux/updates/43/Everything/x86_64/
2025-12-26T14:49:03+0000 [14028] DEBUG [librepo] lr_prepare_lrmirrors: Mirror: https://mirror.23m.com/fedora/linux/updates/43/Everything/x86_64/
2025-12-26T14:49:03+0000 [14028] DEBUG [librepo] lr_prepare_lrmirrors: Mirror: rsync://mirror.23m.com/fedora/linux/updates/43/Everything/x86_64/
2025-12-26T14:49:03+0000 [14028] DEBUG [librepo] lr_prepare_lrmirrors: Mirror: http://mirrors.chroot.ro/fedora/linux/updates/43/Everything/x86_64/
2025-12-26T14:49:03+0000 [14028] DEBUG [librepo] lr_prepare_lrmirrors: Mirror: https://eu.edge.kernel.org/fedora/updates/43/Everything/x86_64/
2025-12-26T14:49:03+0000 [14028] DEBUG [librepo] lr_prepare_lrmirrors: Mirror: http://fedora.ip-connect.info/linux/updates/43/Everything/x86_64/
2025-12-26T14:49:03+0000 [14028] DEBUG [librepo] lr_prepare_lrmirrors: Mirror: https://fedora.ip-connect.info/linux/updates/43/Everything/x86_64/
2025-12-26T14:49:03+0000 [14028] DEBUG [librepo] lr_prepare_lrmirrors: Mirror: rsync://fedora.ip-connect.info/fedora/linux/updates/43/Everything/x86_64/
2025-12-26T14:49:03+0000 [14028] DEBUG [librepo] lr_prepare_lrmirrors: Mirror: http://fedora.ipacct.com/fedora/linux/updates/43/Everything/x86_64/
2025-12-26T14:49:03+0000 [14028] DEBUG [librepo] lr_prepare_lrmirrors: Mirror: https://fedora.ipacct.com/fedora/linux/updates/43/Everything/x86_64/
2025-12-26T14:49:03+0000 [14028] DEBUG [librepo] lr_prepare_lrmirrors: Mirror: rsync://fedora.ipacct.com/fedora/linux/updates/43/Everything/x86_64/
2025-12-26T14:49:03+0000 [14028] DEBUG [librepo] lr_prepare_lrmirrors: Mirror: https://fedora.ip-connect.vn.ua/linux/updates/43/Everything/x86_64/
2025-12-26T14:49:03+0000 [14028] DEBUG [librepo] lr_prepare_lrmirrors: Mirror: rsync://fedora.ip-connect.vn.ua/fedora/linux/updates/43/Everything/x86_64/
2025-12-26T14:49:03+0000 [14028] DEBUG [librepo] lr_prepare_lrmirrors: Mirror: http://fedora.ip-connect.vn.ua/linux/updates/43/Everything/x86_64/
2025-12-26T14:49:03+0000 [14028] DEBUG [librepo] lr_prepare_lrmirrors: Mirror: rsync://mirror.karneval.cz/fedora/linux/updates/43/Everything/x86_64/
2025-12-26T14:49:03+0000 [14028] DEBUG [librepo] lr_prepare_lrmirrors: Mirror: https://mirror.karneval.cz/pub/linux/fedora/linux/updates/43/Everything/x86_64/
2025-12-26T14:49:03+0000 [14028] DEBUG [librepo] lr_prepare_lrmirrors: Mirror: rsync://mirror.i3d.net/fedora/linux/updates/43/Everything/x86_64/
2025-12-26T14:49:03+0000 [14028] DEBUG [librepo] lr_prepare_lrmirrors: Mirror: https://mirror.i3d.net/pub/fedora/linux/updates/43/Everything/x86_64/
2025-12-26T14:49:03+0000 [14028] DEBUG [librepo] lr_prepare_lrmirrors: Mirror: http://mirror.i3d.net/pub/fedora/linux/updates/43/Everything/x86_64/
2025-12-26T14:49:03+0000 [14028] DEBUG [librepo] lr_prepare_lrmirrors: Mirror: https://ftp.lysator.liu.se/pub/fedora/linux/updates/43/Everything/x86_64/
2025-12-26T14:49:03+0000 [14028] DEBUG [librepo] lr_prepare_lrmirrors: Mirror: http://ftp.lysator.liu.se/pub/fedora/linux/updates/43/Everything/x86_64/
2025-12-26T14:49:03+0000 [14028] DEBUG [librepo] lr_prepare_lrmirrors: Mirror: rsync://ftp.lysator.liu.se/pub/fedora/linux/updates/43/Everything/x86_64/
2025-12-26T14:49:03+0000 [14028] DEBUG [librepo] lr_prepare_lrmirrors: Mirror: rsync://ftp.uni-stuttgart.de/fedora/updates/43/Everything/x86_64/
2025-12-26T14:49:03+0000 [14028] DEBUG [librepo] lr_prepare_lrmirrors: Mirror: https://ftp.uni-stuttgart.de/fedora/updates/43/Everything/x86_64/
2025-12-26T14:49:03+0000 [14028] DEBUG [librepo] lr_prepare_lrmirrors: Mirror: http://ftp.uni-stuttgart.de/fedora/updates/43/Everything/x86_64/
2025-12-26T14:49:03+0000 [14028] DEBUG [librepo] lr_prepare_lrmirrors: Mirror: rsync://mirrors.dotsrc.org/fedora-enchilada/linux/updates/43/Everything/x86_64/
2025-12-26T14:49:03+0000 [14028] DEBUG [librepo] lr_prepare_lrmirrors: Mirror: http://mirrors.dotsrc.org/fedora-enchilada/linux/updates/43/Everything/x86_64/
2025-12-26T14:49:03+0000 [14028] DEBUG [librepo] lr_prepare_lrmirrors: Mirror: https://mirrors.dotsrc.org/fedora-enchilada/linux/updates/43/Everything/x86_64/
2025-12-26T14:49:03+0000 [14028] DEBUG [librepo] lr_prepare_lrmirrors: Mirror: https://ftp.upjs.sk/pub/fedora/linux/updates/43/Everything/x86_64/
2025-12-26T14:49:03+0000 [14028] DEBUG [librepo] lr_prepare_lrmirrors: Mirror: http://ftp.upjs.sk/pub/fedora/linux/updates/43/Everything/x86_64/
2025-12-26T14:49:03+0000 [14028] DEBUG [librepo] lr_prepare_lrmirrors: Mirror: rsync://ftp.upjs.sk/pub/fedora/linux/updates/43/Everything/x86_64/
2025-12-26T14:49:03+0000 [14028] DEBUG [librepo] lr_prepare_lrmirrors: Mirror: http://fedora.mirror.liteserver.nl/linux/updates/43/Everything/x86_64/
2025-12-26T14:49:03+0000 [14028] DEBUG [librepo] lr_prepare_lrmirrors: Mirror: rsync://mirror.liteserver.nl/fedora/linux/updates/43/Everything/x86_64/
2025-12-26T14:49:03+0000 [14028] DEBUG [librepo] lr_prepare_lrmirrors: Mirror: https://fedora.mirror.liteserver.nl/linux/updates/43/Everything/x86_64/
2025-12-26T14:49:03+0000 [14028] DEBUG [librepo] lr_prepare_lrmirrors: Mirror: http://mirror.bahnhof.net/pub/fedora/linux/updates/43/Everything/x86_64/
2025-12-26T14:49:03+0000 [14028] DEBUG [librepo] lr_prepare_lrmirrors: Mirror: https://mirror.bahnhof.net/pub/fedora/linux/updates/43/Everything/x86_64/
2025-12-26T14:49:03+0000 [14028] DEBUG [librepo] lr_prepare_lrmirrors: Mirror: http://ftp.uni-bayreuth.de/linux/fedora/linux/updates/43/Everything/x86_64/
2025-12-26T14:49:03+0000 [14028] DEBUG [librepo] lr_prepare_lrmirrors: Mirror: rsync://rsync.uni-bayreuth.de/fedora-enchilada/linux/updates/43/Everything/x86_64/
2025-12-26T14:49:03+0000 [14028] DEBUG [librepo] lr_prepare_lrmirrors: Mirror: https://mirrors.nxthost.com/fedora/updates/43/Everything/x86_64/
2025-12-26T14:49:03+0000 [14028] DEBUG [librepo] lr_prepare_lrmirrors: Mirror: http://mirrors.nxthost.com/fedora/updates/43/Everything/x86_64/
2025-12-26T14:49:03+0000 [14028] DEBUG [librepo] lr_prepare_lrmirrors: Mirror: rsync://mirrors.nxthost.com/fedora/updates/43/Everything/x86_64/
2025-12-26T14:49:03+0000 [14028] DEBUG [librepo] lr_prepare_lrmirrors: Mirror: https://mirror.plusline.net/fedora/linux/updates/43/Everything/x86_64/
2025-12-26T14:49:03+0000 [14028] DEBUG [librepo] lr_prepare_lrmirrors: Mirror: rsync://mirror.plusline.net/fedora/linux/updates/43/Everything/x86_64/
2025-12-26T14:49:03+0000 [14028] DEBUG [librepo] lr_prepare_lrmirrors: Mirror: http://mirror.plusline.net/fedora/linux/updates/43/Everything/x86_64/
2025-12-26T14:49:03+0000 [14028] DEBUG [librepo] lr_prepare_lrmirrors: Mirror: http://mirror.slu.cz/fedora/linux/updates/43/Everything/x86_64/
2025-12-26T14:49:03+0000 [14028] DEBUG [librepo] lr_prepare_lrmirrors: Mirror: rsync://mirror.slu.cz/fedora/linux/updates/43/Everything/x86_64/
2025-12-26T14:49:03+0000 [14028] DEBUG [librepo] lr_prepare_lrmirrors: Mirror: https://mirror.slu.cz/fedora/linux/updates/43/Everything/x86_64/
2025-12-26T14:49:03+0000 [14028] DEBUG [librepo] lr_prepare_lrmirrors: Mirror: http://ftp.fau.de/fedora/linux/updates/43/Everything/x86_64/
2025-12-26T14:49:03+0000 [14028] DEBUG [librepo] lr_prepare_lrmirrors: Mirror: https://ftp.fau.de/fedora/linux/updates/43/Everything/x86_64/
2025-12-26T14:49:03+0000 [14028] DEBUG [librepo] lr_prepare_lrmirrors: Mirror: rsync://ftp.fau.de/fedora/linux/updates/43/Everything/x86_64/
2025-12-26T14:49:03+0000 [14028] DEBUG [librepo] lr_prepare_lrmirrors: Mirror: https://ftp-stud.hs-esslingen.de/pub/fedora/linux/updates/43/Everything/x86_64/
2025-12-26T14:49:03+0000 [14028] DEBUG [librepo] lr_prepare_lrmirrors: Mirror: rsync://ftp-stud.hs-esslingen.de/fedora/linux/updates/43/Everything/x86_64/
2025-12-26T14:49:03+0000 [14028] DEBUG [librepo] lr_prepare_lrmirrors: Mirror: http://ftp-stud.hs-esslingen.de/pub/fedora/linux/updates/43/Everything/x86_64/
2025-12-26T14:49:03+0000 [14028] DEBUG [librepo] lr_prepare_lrmirrors: Mirror: https://mirrors.xtom.ee/fedora/updates/43/Everything/x86_64/
2025-12-26T14:49:03+0000 [14028] DEBUG [librepo] lr_prepare_lrmirrors: Mirror: rsync://mirrors.xtom.ee/fedora/updates/43/Everything/x86_64/
2025-12-26T14:49:03+0000 [14028] DEBUG [librepo] lr_prepare_lrmirrors: Mirror: http://mirrors.xtom.ee/fedora/updates/43/Everything/x86_64/
2025-12-26T14:49:03+0000 [14028] DEBUG [librepo] lr_prepare_lrmirrors: Mirror: http://mirror.in2p3.fr/pub/fedora/linux/updates/43/Everything/x86_64/
2025-12-26T14:49:03+0000 [14028] DEBUG [librepo] lr_prepare_lrmirrors: Mirror: rsync://mirror.in2p3.fr/pub/fedora/linux/updates/43/Everything/x86_64/
2025-12-26T14:49:03+0000 [14028] DEBUG [librepo] lr_prepare_lrmirrors: Mirror: https://mirror.in2p3.fr/pub/fedora/linux/updates/43/Everything/x86_64/
2025-12-26T14:49:03+0000 [14028] DEBUG [librepo] lr_prepare_lrmirrors: Mirror: https://mirrors.n-ix.net/fedora/linux/updates/43/Everything/x86_64/
2025-12-26T14:49:03+0000 [14028] DEBUG [librepo] lr_prepare_lrmirrors: Mirror: rsync://mirrors.n-ix.net/fedora/updates/43/Everything/x86_64/
2025-12-26T14:49:03+0000 [14028] DEBUG [librepo] lr_prepare_lrmirrors: Mirror: http://mirrors.n-ix.net/fedora/linux/updates/43/Everything/x86_64/
2025-12-26T14:49:03+0000 [14028] DEBUG [librepo] lr_prepare_lrmirrors: Mirror: http://ftp.sh.cvut.cz/fedora/linux/updates/43/Everything/x86_64/
2025-12-26T14:49:03+0000 [14028] DEBUG [librepo] lr_prepare_lrmirrors: Mirror: https://ftp.sh.cvut.cz/fedora/linux/updates/43/Everything/x86_64/
2025-12-26T14:49:03+0000 [14028] DEBUG [librepo] lr_prepare_lrmirrors: Mirror: rsync://ftp.sh.cvut.cz/fedora/linux/updates/43/Everything/x86_64/
2025-12-26T14:49:03+0000 [14028] DEBUG [librepo] lr_prepare_lrmirrors: Mirror: http://mirror.dogado.de/fedora/linux/updates/43/Everything/x86_64/
2025-12-26T14:49:03+0000 [14028] DEBUG [librepo] lr_prepare_lrmirrors: Mirror: https://mirror.dogado.de/fedora/linux/updates/43/Everything/x86_64/
2025-12-26T14:49:03+0000 [14028] DEBUG [librepo] lr_prepare_lrmirrors: Mirror: rsync://mirror.dogado.de/fedora/linux/updates/43/Everything/x86_64/
2025-12-26T14:49:03+0000 [14028] DEBUG [librepo] lr_prepare_lrmirrors: Mirror: rsync://mirror.nl.leaseweb.net/fedora/linux/updates/43/Everything/x86_64/
2025-12-26T14:49:03+0000 [14028] DEBUG [librepo] lr_prepare_lrmirrors: Mirror: http://mirror.nl.leaseweb.net/fedora/linux/updates/43/Everything/x86_64/
2025-12-26T14:49:03+0000 [14028] DEBUG [librepo] lr_prepare_lrmirrors: Mirror: rsync://mirror.netsite.dk/fedora/updates/43/Everything/x86_64/
2025-12-26T14:49:03+0000 [14028] DEBUG [librepo] lr_prepare_lrmirrors: Mirror: https://mirror.netsite.dk/fedora/linux/updates/43/Everything/x86_64/
2025-12-26T14:49:03+0000 [14028] DEBUG [librepo] lr_prepare_lrmirrors: Mirror: http://mirror.netsite.dk/fedora/linux/updates/43/Everything/x86_64/
2025-12-26T14:49:03+0000 [14028] DEBUG [librepo] lr_prepare_lrmirrors: Mirror: rsync://rsync.nic.funet.fi/ftp/pub/mirrors/fedora.redhat.com/pub/fedora/linux/updates/43/Everything/x86_64/
2025-12-26T14:49:03+0000 [14028] DEBUG [librepo] lr_prepare_lrmirrors: Mirror: http://www.nic.funet.fi/pub/mirrors/fedora.redhat.com/pub/fedora/linux/updates/43/Everything/x86_64/
2025-12-26T14:49:03+0000 [14028] DEBUG [librepo] lr_prepare_lrmirrors: Mirror: https://mirrors.xtom.de/fedora/updates/43/Everything/x86_64/
2025-12-26T14:49:03+0000 [14028] DEBUG [librepo] lr_prepare_lrmirrors: Mirror: http://mirrors.xtom.de/fedora/updates/43/Everything/x86_64/
2025-12-26T14:49:03+0000 [14028] DEBUG [librepo] lr_prepare_lrmirrors: Mirror: rsync://mirrors.xtom.de/fedora/updates/43/Everything/x86_64/
2025-12-26T14:49:03+0000 [14028] DEBUG [librepo] lr_prepare_lrmirrors: Mirror: https://fr2.rpmfind.net/linux/fedora/linux/updates/43/Everything/x86_64/
2025-12-26T14:49:03+0000 [14028] DEBUG [librepo] lr_prepare_lrmirrors: Mirror: http://fr2.rpmfind.net/linux/fedora/linux/updates/43/Everything/x86_64/
2025-12-26T14:49:03+0000 [14028] DEBUG [librepo] lr_prepare_lrmirrors: Mirror: rsync://fr2.rpmfind.net/linux/fedora/linux/updates/43/Everything/x86_64/
2025-12-26T14:49:03+0000 [14028] DEBUG [librepo] lr_prepare_lrmirrors: Mirror: rsync://fedora.tu-chemnitz.de/ftp/pub/linux/fedora/linux/updates/43/Everything/x86_64/
2025-12-26T14:49:03+0000 [14028] DEBUG [librepo] lr_prepare_lrmirrors: Mirror: http://fedora.tu-chemnitz.de/pub/linux/fedora/linux/updates/43/Everything/x86_64/
2025-12-26T14:49:03+0000 [14028] DEBUG [librepo] lr_prepare_lrmirrors: Mirror: rsync://distrib-coffee.ipsl.jussieu.fr/pub/linux/fedora/linux/updates/43/Everything/x86_64/
2025-12-26T14:49:03+0000 [14028] DEBUG [librepo] lr_prepare_lrmirrors: Mirror: http://distrib-coffee.ipsl.jussieu.fr/pub/linux/fedora/linux/updates/43/Everything/x86_64/
2025-12-26T14:49:03+0000 [14028] DEBUG [librepo] lr_prepare_lrmirrors: Mirror: rsync://fedora-mirror02.rbc.ru/fedora-enchilada/updates/43/Everything/x86_64/
2025-12-26T14:49:03+0000 [14028] DEBUG [librepo] lr_prepare_lrmirrors: Mirror: http://fedora-mirror02.rbc.ru/pub/fedora/linux/updates/43/Everything/x86_64/
2025-12-26T14:49:03+0000 [14028] DEBUG [librepo] lr_prepare_lrmirrors: Mirror: https://mirror.maeen.sa/fedora/updates/43/Everything/x86_64/
2025-12-26T14:49:03+0000 [14028] DEBUG [librepo] lr_prepare_lrmirrors: Mirror: http://mirror.maeen.sa/fedora/updates/43/Everything/x86_64/
2025-12-26T14:49:03+0000 [14028] DEBUG [librepo] lr_prepare_lrmirrors: Mirror: rsync://mirror.maeen.sa/fedora/updates/43/Everything/x86_64/
2025-12-26T14:49:03+0000 [14028] DEBUG [librepo] lr_prepare_lrmirrors: Mirror: https://mirror.imt-systems.com/fedora/linux/updates/43/Everything/x86_64/
2025-12-26T14:49:03+0000 [14028] DEBUG [librepo] lr_prepare_lrmirrors: Mirror: rsync://mirror.imt-systems.com/fedora/linux/updates/43/Everything/x86_64/
2025-12-26T14:49:03+0000 [14028] DEBUG [librepo] lr_prepare_lrmirrors: Mirror: http://mirror.imt-systems.com/fedora/linux/updates/43/Everything/x86_64/
2025-12-26T14:49:03+0000 [14028] DEBUG [librepo] lr_prepare_lrmirrors: Mirror: https://distrohub.kyiv.ua/fedora/fedora/linux/updates/43/Everything/x86_64/
2025-12-26T14:49:03+0000 [14028] DEBUG [librepo] lr_prepare_lrmirrors: Mirror: rsync://distrohub.kyiv.ua/fedora/fedora/linux/updates/43/Everything/x86_64/
2025-12-26T14:49:03+0000 [14028] DEBUG [librepo] lr_prepare_lrmirrors: Mirror: http://distrohub.kyiv.ua/fedora/fedora/linux/updates/43/Everything/x86_64/
2025-12-26T14:49:03+0000 [14028] DEBUG [librepo] lr_prepare_lrmirrors: Mirror: http://ftp.otenet.gr/linux/fedora/linux/updates/43/Everything/x86_64/
2025-12-26T14:49:03+0000 [14028] DEBUG [librepo] lr_download: Target: repodata/repomd.xml (-)
2025-12-26T14:49:03+0000 [14028] DEBUG [librepo] lr_prepare_lrmirrors: Preparing internal mirror list for handle id: 0x55bc50fa59c0
2025-12-26T14:49:03+0000 [14028] DEBUG [librepo] lr_prepare_lrmirrors: Mirror: https://codecs.fedoraproject.org/openh264/43/x86_64/
2025-12-26T14:49:03+0000 [14028] DEBUG [librepo] Selecting mirror for: repodata/repomd.xml
2025-12-26T14:49:03+0000 [14028] INFO [librepo] Downloading: https://fedora.mirrorservice.org/fedora/linux/releases/43/Everything/x86_64/os/repodata/repomd.xml
2025-12-26T14:49:03+0000 [14028] DEBUG [librepo] Selecting mirror for: repodata/repomd.xml
2025-12-26T14:49:03+0000 [14028] INFO [librepo] Downloading: https://fedora.mirrorservice.org/fedora/linux/updates/43/Everything/x86_64/repodata/repomd.xml
2025-12-26T14:49:03+0000 [14028] DEBUG [librepo] Selecting mirror for: repodata/repomd.xml
2025-12-26T14:49:03+0000 [14028] INFO [librepo] Downloading: https://codecs.fedoraproject.org/openh264/43/x86_64/repodata/repomd.xml
2025-12-26T14:49:03+0000 [14028] DEBUG [librepo] lr_download: Downloading started
2025-12-26T14:49:03+0000 [14028] DEBUG [librepo] Transfer finished: repodata/repomd.xml (Effective url: https://fedora.mirrorservice.org/fedora/linux/releases/43/Everything/x86_64/os/repodata/repomd.xml)
2025-12-26T14:49:03+0000 [14028] DEBUG [librepo] check_finished_transfer_checksum: Checksum (sha512) fe29584e7cb4eef4cb4a0ba4806ee6f0170f10a3367d56566a1725525d962cf1e8fb340c4648373c07892da7ba9545c1bfb76cc837fd26e436fee69c1aac9dc5 is OK
2025-12-26T14:49:03+0000 [14028] DEBUG [librepo] Transfer finished: repodata/repomd.xml (Effective url: https://fedora.mirrorservice.org/fedora/linux/updates/43/Everything/x86_64/repodata/repomd.xml)
2025-12-26T14:49:03+0000 [14028] DEBUG [librepo] check_finished_transfer_checksum: Checksum (sha512) b38442d6f026f7829b0c5392266e30ef2472f2b3b66ec01494f8ee4acd10e66f66839adefd6ac9adf25990d6958099888ebefb3abea379621308d8c127f15124 is OK
2025-12-26T14:49:03+0000 [14028] DEBUG [librepo] Transfer finished: repodata/repomd.xml (Effective url: https://codecs.fedoraproject.org/openh264/43/x86_64/repodata/repomd.xml)
2025-12-26T14:49:03+0000 [14028] DEBUG [librepo] check_finished_transfer_checksum: Checksum (sha512) ee95925e58f3e99dd1aecab63dc7ec8008c28a35d14d3acafdf5ae41506254be4fc29732c294c709eb15dfbd3fd09ce3ad23614f5446dfda24ca5d422ddebc0e is OK
2025-12-26T14:49:03+0000 [14028] DEBUG [librepo] Found primary_zck so using instead of primary
2025-12-26T14:49:03+0000 [14028] DEBUG [librepo] Found filelists_zck so using instead of filelists
2025-12-26T14:49:03+0000 [14028] DEBUG [librepo] Found primary_zck so using instead of primary
2025-12-26T14:49:03+0000 [14028] DEBUG [librepo] Found filelists_zck so using instead of filelists
2025-12-26T14:49:03+0000 [14028] DEBUG [librepo] Found updateinfo_zck so using instead of updateinfo
2025-12-26T14:49:03+0000 [14028] DEBUG [librepo] lr_download: Target: repodata/affb4c277d7a0a05ec39e29c3207de63fe207adf97143e88c61bccc0e2a0135b-primary.xml.zck (-)
2025-12-26T14:49:03+0000 [14028] DEBUG [librepo] lr_prepare_lrmirrors: Preparing internal mirror list for handle id: 0x55bc511a2380
2025-12-26T14:49:03+0000 [14028] DEBUG [librepo] lr_prepare_lrmirrors: Mirror: https://fedora.mirrorservice.org/fedora/linux/releases/43/Everything/x86_64/os/
2025-12-26T14:49:03+0000 [14028] DEBUG [librepo] lr_prepare_lrmirrors: Mirror: http://fedora.mirrorservice.org/fedora/linux/releases/43/Everything/x86_64/os/
2025-12-26T14:49:03+0000 [14028] DEBUG [librepo] lr_prepare_lrmirrors: Mirror: rsync://rsync.mirrorservice.org/dl.fedoraproject.org/pub/fedora/linux/releases/43/Everything/x86_64/os/
2025-12-26T14:49:03+0000 [14028] DEBUG [librepo] lr_prepare_lrmirrors: Mirror: https://ask4.mm.fcix.net/fedora/linux/releases/43/Everything/x86_64/os/
2025-12-26T14:49:03+0000 [14028] DEBUG [librepo] lr_prepare_lrmirrors: Mirror: http://ask4.mm.fcix.net/fedora/linux/releases/43/Everything/x86_64/os/
2025-12-26T14:49:03+0000 [14028] DEBUG [librepo] lr_prepare_lrmirrors: Mirror: rsync://ask4.mm.fcix.net/fedora-enchilada/linux/releases/43/Everything/x86_64/os/
2025-12-26T14:49:03+0000 [14028] DEBUG [librepo] lr_prepare_lrmirrors: Mirror: http://creeperhost.mm.fcix.net/fedora/linux/releases/43/Everything/x86_64/os/
2025-12-26T14:49:03+0000 [14028] DEBUG [librepo] lr_prepare_lrmirrors: Mirror: https://creeperhost.mm.fcix.net/fedora/linux/releases/43/Everything/x86_64/os/
2025-12-26T14:49:03+0000 [14028] DEBUG [librepo] lr_prepare_lrmirrors: Mirror: rsync://creeperhost.mm.fcix.net/fedora-enchilada/linux/releases/43/Everything/x86_64/os/
2025-12-26T14:49:03+0000 [14028] DEBUG [librepo] lr_prepare_lrmirrors: Mirror: https://b4sh.mm.fcix.net/fedora/linux/releases/43/Everything/x86_64/os/
2025-12-26T14:49:03+0000 [14028] DEBUG [librepo] lr_prepare_lrmirrors: Mirror: http://b4sh.mm.fcix.net/fedora/linux/releases/43/Everything/x86_64/os/
2025-12-26T14:49:03+0000 [14028] DEBUG [librepo] lr_prepare_lrmirrors: Mirror: rsync://b4sh.mm.fcix.net/fedora-enchilada/linux/releases/43/Everything/x86_64/os/
2025-12-26T14:49:03+0000 [14028] DEBUG [librepo] lr_prepare_lrmirrors: Mirror: rsync://mirror.karneval.cz/fedora/linux/releases/43/Everything/x86_64/os/
2025-12-26T14:49:03+0000 [14028] DEBUG [librepo] lr_prepare_lrmirrors: Mirror: https://mirror.karneval.cz/pub/linux/fedora/linux/releases/43/Everything/x86_64/os/
2025-12-26T14:49:03+0000 [14028] DEBUG [librepo] lr_prepare_lrmirrors: Mirror: http://mirror.accum.se/mirror/fedora/linux/releases/43/Everything/x86_64/os/
2025-12-26T14:49:03+0000 [14028] DEBUG [librepo] lr_prepare_lrmirrors: Mirror: rsync://mirror.accum.se/mirror/fedora/linux/releases/43/Everything/x86_64/os/
2025-12-26T14:49:03+0000 [14028] DEBUG [librepo] lr_prepare_lrmirrors: Mirror: https://mirror.accum.se/mirror/fedora/linux/releases/43/Everything/x86_64/os/
2025-12-26T14:49:03+0000 [14028] DEBUG [librepo] lr_prepare_lrmirrors: Mirror: http://mirror.bahnhof.net/pub/fedora/linux/releases/43/Everything/x86_64/os/
2025-12-26T14:49:03+0000 [14028] DEBUG [librepo] lr_prepare_lrmirrors: Mirror: https://mirror.bahnhof.net/pub/fedora/linux/releases/43/Everything/x86_64/os/
2025-12-26T14:49:03+0000 [14028] DEBUG [librepo] lr_prepare_lrmirrors: Mirror: rsync://mirror.i3d.net/fedora/linux/releases/43/Everything/x86_64/os/
2025-12-26T14:49:03+0000 [14028] DEBUG [librepo] lr_prepare_lrmirrors: Mirror: https://mirror.i3d.net/pub/fedora/linux/releases/43/Everything/x86_64/os/
2025-12-26T14:49:03+0000 [14028] DEBUG [librepo] lr_prepare_lrmirrors: Mirror: http://mirror.i3d.net/pub/fedora/linux/releases/43/Everything/x86_64/os/
2025-12-26T14:49:03+0000 [14028] DEBUG [librepo] lr_prepare_lrmirrors: Mirror: rsync://ftp.uni-stuttgart.de/fedora/releases/43/Everything/x86_64/os/
2025-12-26T14:49:03+0000 [14028] DEBUG [librepo] lr_prepare_lrmirrors: Mirror: https://ftp.uni-stuttgart.de/fedora/releases/43/Everything/x86_64/os/
2025-12-26T14:49:03+0000 [14028] DEBUG [librepo] lr_prepare_lrmirrors: Mirror: http://ftp.uni-stuttgart.de/fedora/releases/43/Everything/x86_64/os/
2025-12-26T14:49:03+0000 [14028] DEBUG [librepo] lr_prepare_lrmirrors: Mirror: http://mirror.yandex.ru/fedora/linux/releases/43/Everything/x86_64/os/
2025-12-26T14:49:03+0000 [14028] DEBUG [librepo] lr_prepare_lrmirrors: Mirror: rsync://mirror.yandex.ru/fedora/linux/releases/43/Everything/x86_64/os/
2025-12-26T14:49:03+0000 [14028] DEBUG [librepo] lr_prepare_lrmirrors: Mirror: https://mirror.yandex.ru/fedora/linux/releases/43/Everything/x86_64/os/
2025-12-26T14:49:03+0000 [14028] DEBUG [librepo] lr_prepare_lrmirrors: Mirror: https://fedora.ip-connect.vn.ua/linux/releases/43/Everything/x86_64/os/
2025-12-26T14:49:03+0000 [14028] DEBUG [librepo] lr_prepare_lrmirrors: Mirror: rsync://fedora.ip-connect.vn.ua/fedora/linux/releases/43/Everything/x86_64/os/
2025-12-26T14:49:03+0000 [14028] DEBUG [librepo] lr_prepare_lrmirrors: Mirror: http://fedora.ip-connect.vn.ua/linux/releases/43/Everything/x86_64/os/
2025-12-26T14:49:03+0000 [14028] DEBUG [librepo] lr_prepare_lrmirrors: Mirror: https://mirrors.nxthost.com/fedora/releases/43/Everything/x86_64/os/
2025-12-26T14:49:03+0000 [14028] DEBUG [librepo] lr_prepare_lrmirrors: Mirror: http://mirrors.nxthost.com/fedora/releases/43/Everything/x86_64/os/
2025-12-26T14:49:03+0000 [14028] DEBUG [librepo] lr_prepare_lrmirrors: Mirror: rsync://mirrors.nxthost.com/fedora/releases/43/Everything/x86_64/os/
2025-12-26T14:49:03+0000 [14028] DEBUG [librepo] lr_prepare_lrmirrors: Mirror: https://mirrors.n-ix.net/fedora/linux/releases/43/Everything/x86_64/os/
2025-12-26T14:49:03+0000 [14028] DEBUG [librepo] lr_prepare_lrmirrors: Mirror: rsync://mirrors.n-ix.net/fedora/releases/43/Everything/x86_64/os/
2025-12-26T14:49:03+0000 [14028] DEBUG [librepo] lr_prepare_lrmirrors: Mirror: http://mirrors.n-ix.net/fedora/linux/releases/43/Everything/x86_64/os/
2025-12-26T14:49:03+0000 [14028] DEBUG [librepo] lr_prepare_lrmirrors: Mirror: http://fedora.ip-connect.info/linux/releases/43/Everything/x86_64/os/
2025-12-26T14:49:03+0000 [14028] DEBUG [librepo] lr_prepare_lrmirrors: Mirror: https://fedora.ip-connect.info/linux/releases/43/Everything/x86_64/os/
2025-12-26T14:49:03+0000 [14028] DEBUG [librepo] lr_prepare_lrmirrors: Mirror: rsync://fedora.ip-connect.info/fedora/linux/releases/43/Everything/x86_64/os/
2025-12-26T14:49:03+0000 [14028] DEBUG [librepo] lr_prepare_lrmirrors: Mirror: http://mirror.dogado.de/fedora/linux/releases/43/Everything/x86_64/os/
2025-12-26T14:49:03+0000 [14028] DEBUG [librepo] lr_prepare_lrmirrors: Mirror: https://mirror.dogado.de/fedora/linux/releases/43/Everything/x86_64/os/
2025-12-26T14:49:03+0000 [14028] DEBUG [librepo] lr_prepare_lrmirrors: Mirror: rsync://mirror.dogado.de/fedora/linux/releases/43/Everything/x86_64/os/
2025-12-26T14:49:03+0000 [14028] DEBUG [librepo] lr_prepare_lrmirrors: Mirror: https://fr2.rpmfind.net/linux/fedora/linux/releases/43/Everything/x86_64/os/
2025-12-26T14:49:03+0000 [14028] DEBUG [librepo] lr_prepare_lrmirrors: Mirror: http://fr2.rpmfind.net/linux/fedora/linux/releases/43/Everything/x86_64/os/
2025-12-26T14:49:03+0000 [14028] DEBUG [librepo] lr_prepare_lrmirrors: Mirror: rsync://fr2.rpmfind.net/linux/fedora/linux/releases/43/Everything/x86_64/os/
2025-12-26T14:49:03+0000 [14028] DEBUG [librepo] lr_prepare_lrmirrors: Mirror: http://ftp.fau.de/fedora/linux/releases/43/Everything/x86_64/os/
2025-12-26T14:49:03+0000 [14028] DEBUG [librepo] lr_prepare_lrmirrors: Mirror: https://ftp.fau.de/fedora/linux/releases/43/Everything/x86_64/os/
2025-12-26T14:49:03+0000 [14028] DEBUG [librepo] lr_prepare_lrmirrors: Mirror: rsync://ftp.fau.de/fedora/linux/releases/43/Everything/x86_64/os/
2025-12-26T14:49:03+0000 [14028] DEBUG [librepo] lr_prepare_lrmirrors: Mirror: http://fedora.mirror.root.lu/releases/43/Everything/x86_64/os/
2025-12-26T14:49:03+0000 [14028] DEBUG [librepo] lr_prepare_lrmirrors: Mirror: rsync://fedora.tu-chemnitz.de/ftp/pub/linux/fedora/linux/releases/43/Everything/x86_64/os/
2025-12-26T14:49:03+0000 [14028] DEBUG [librepo] lr_prepare_lrmirrors: Mirror: http://fedora.tu-chemnitz.de/pub/linux/fedora/linux/releases/43/Everything/x86_64/os/
2025-12-26T14:49:03+0000 [14028] DEBUG [librepo] lr_prepare_lrmirrors: Mirror: https://eu.edge.kernel.org/fedora/releases/43/Everything/x86_64/os/
2025-12-26T14:49:03+0000 [14028] DEBUG [librepo] lr_prepare_lrmirrors: Mirror: rsync://mirror.netsite.dk/fedora/releases/43/Everything/x86_64/os/
2025-12-26T14:49:03+0000 [14028] DEBUG [librepo] lr_prepare_lrmirrors: Mirror: https://mirror.netsite.dk/fedora/linux/releases/43/Everything/x86_64/os/
2025-12-26T14:49:03+0000 [14028] DEBUG [librepo] lr_prepare_lrmirrors: Mirror: http://mirror.netsite.dk/fedora/linux/releases/43/Everything/x86_64/os/
2025-12-26T14:49:03+0000 [14028] DEBUG [librepo] lr_prepare_lrmirrors: Mirror: http://mirror.telepoint.bg/fedora/releases/43/Everything/x86_64/os/
2025-12-26T14:49:03+0000 [14028] DEBUG [librepo] lr_prepare_lrmirrors: Mirror: rsync://mirror.telepoint.bg/fedora/releases/43/Everything/x86_64/os/
2025-12-26T14:49:03+0000 [14028] DEBUG [librepo] lr_prepare_lrmirrors: Mirror: https://mirror.telepoint.bg/fedora/releases/43/Everything/x86_64/os/
2025-12-26T14:49:03+0000 [14028] DEBUG [librepo] lr_prepare_lrmirrors: Mirror: http://ftp.uni-bayreuth.de/linux/fedora/linux/releases/43/Everything/x86_64/os/
2025-12-26T14:49:03+0000 [14028] DEBUG [librepo] lr_prepare_lrmirrors: Mirror: rsync://rsync.uni-bayreuth.de/fedora-enchilada/linux/releases/43/Everything/x86_64/os/
2025-12-26T14:49:03+0000 [14028] DEBUG [librepo] lr_prepare_lrmirrors: Mirror: http://mirror.netzwerge.de/fedora/linux/releases/43/Everything/x86_64/os/
2025-12-26T14:49:03+0000 [14028] DEBUG [librepo] lr_prepare_lrmirrors: Mirror: https://mirror.netzwerge.de/fedora/linux/releases/43/Everything/x86_64/os/
2025-12-26T14:49:03+0000 [14028] DEBUG [librepo] lr_prepare_lrmirrors: Mirror: rsync://mirror.netzwerge.de/fedora/linux/releases/43/Everything/x86_64/os/
2025-12-26T14:49:03+0000 [14028] DEBUG [librepo] lr_prepare_lrmirrors: Mirror: http://mirror.slu.cz/fedora/linux/releases/43/Everything/x86_64/os/
2025-12-26T14:49:03+0000 [14028] DEBUG [librepo] lr_prepare_lrmirrors: Mirror: rsync://mirror.slu.cz/fedora/linux/releases/43/Everything/x86_64/os/
2025-12-26T14:49:03+0000 [14028] DEBUG [librepo] lr_prepare_lrmirrors: Mirror: https://mirror.slu.cz/fedora/linux/releases/43/Everything/x86_64/os/
2025-12-26T14:49:03+0000 [14028] DEBUG [librepo] lr_prepare_lrmirrors: Mirror: https://ftp.lysator.liu.se/pub/fedora/linux/releases/43/Everything/x86_64/os/
2025-12-26T14:49:03+0000 [14028] DEBUG [librepo] lr_prepare_lrmirrors: Mirror: http://ftp.lysator.liu.se/pub/fedora/linux/releases/43/Everything/x86_64/os/
2025-12-26T14:49:03+0000 [14028] DEBUG [librepo] lr_prepare_lrmirrors: Mirror: rsync://ftp.lysator.liu.se/pub/fedora/linux/releases/43/Everything/x86_64/os/
2025-12-26T14:49:03+0000 [14028] DEBUG [librepo] lr_prepare_lrmirrors: Mirror: http://mirror.in2p3.fr/pub/fedora/linux/releases/43/Everything/x86_64/os/
2025-12-26T14:49:03+0000 [14028] DEBUG [librepo] lr_prepare_lrmirrors: Mirror: rsync://mirror.in2p3.fr/pub/fedora/linux/releases/43/Everything/x86_64/os/
2025-12-26T14:49:03+0000 [14028] DEBUG [librepo] lr_prepare_lrmirrors: Mirror: https://mirror.in2p3.fr/pub/fedora/linux/releases/43/Everything/x86_64/os/
2025-12-26T14:49:03+0000 [14028] DEBUG [librepo] lr_prepare_lrmirrors: Mirror: https://mirrors.xtom.de/fedora/releases/43/Everything/x86_64/os/
2025-12-26T14:49:03+0000 [14028] DEBUG [librepo] lr_prepare_lrmirrors: Mirror: http://mirrors.xtom.de/fedora/releases/43/Everything/x86_64/os/
2025-12-26T14:49:03+0000 [14028] DEBUG [librepo] lr_prepare_lrmirrors: Mirror: rsync://mirrors.xtom.de/fedora/releases/43/Everything/x86_64/os/
2025-12-26T14:49:03+0000 [14028] DEBUG [librepo] lr_prepare_lrmirrors: Mirror: http://mirror.23m.com/fedora/linux/releases/43/Everything/x86_64/os/
2025-12-26T14:49:03+0000 [14028] DEBUG [librepo] lr_prepare_lrmirrors: Mirror: https://mirror.23m.com/fedora/linux/releases/43/Everything/x86_64/os/
2025-12-26T14:49:03+0000 [14028] DEBUG [librepo] lr_prepare_lrmirrors: Mirror: rsync://mirror.23m.com/fedora/linux/releases/43/Everything/x86_64/os/
2025-12-26T14:49:03+0000 [14028] DEBUG [librepo] lr_prepare_lrmirrors: Mirror: https://www.fedora.is/fedora/releases/43/Everything/x86_64/os/
2025-12-26T14:49:03+0000 [14028] DEBUG [librepo] lr_prepare_lrmirrors: Mirror: http://www.fedora.is/fedora/releases/43/Everything/x86_64/os/
2025-12-26T14:49:03+0000 [14028] DEBUG [librepo] lr_prepare_lrmirrors: Mirror: rsync://www.fedora.is/fedora/releases/43/Everything/x86_64/os/
2025-12-26T14:49:03+0000 [14028] DEBUG [librepo] lr_prepare_lrmirrors: Mirror: rsync://rsync.nic.funet.fi/ftp/pub/mirrors/fedora.redhat.com/pub/fedora/linux/releases/43/Everything/x86_64/os/
2025-12-26T14:49:03+0000 [14028] DEBUG [librepo] lr_prepare_lrmirrors: Mirror: http://www.nic.funet.fi/pub/mirrors/fedora.redhat.com/pub/fedora/linux/releases/43/Everything/x86_64/os/
2025-12-26T14:49:03+0000 [14028] DEBUG [librepo] lr_prepare_lrmirrors: Mirror: rsync://mirrors.dotsrc.org/fedora-enchilada/linux/releases/43/Everything/x86_64/os/
2025-12-26T14:49:03+0000 [14028] DEBUG [librepo] lr_prepare_lrmirrors: Mirror: http://mirrors.dotsrc.org/fedora-enchilada/linux/releases/43/Everything/x86_64/os/
2025-12-26T14:49:03+0000 [14028] DEBUG [librepo] lr_prepare_lrmirrors: Mirror: https://mirrors.dotsrc.org/fedora-enchilada/linux/releases/43/Everything/x86_64/os/
2025-12-26T14:49:03+0000 [14028] DEBUG [librepo] lr_prepare_lrmirrors: Mirror: https://mirror.init7.net/fedora/fedora/linux/releases/43/Everything/x86_64/os/
2025-12-26T14:49:03+0000 [14028] DEBUG [librepo] lr_prepare_lrmirrors: Mirror: http://mirror.init7.net/fedora/fedora/linux/releases/43/Everything/x86_64/os/
2025-12-26T14:49:03+0000 [14028] DEBUG [librepo] lr_prepare_lrmirrors: Mirror: https://ftp.upjs.sk/pub/fedora/linux/releases/43/Everything/x86_64/os/
2025-12-26T14:49:03+0000 [14028] DEBUG [librepo] lr_prepare_lrmirrors: Mirror: http://ftp.upjs.sk/pub/fedora/linux/releases/43/Everything/x86_64/os/
2025-12-26T14:49:03+0000 [14028] DEBUG [librepo] lr_prepare_lrmirrors: Mirror: rsync://ftp.upjs.sk/pub/fedora/linux/releases/43/Everything/x86_64/os/
2025-12-26T14:49:03+0000 [14028] DEBUG [librepo] lr_prepare_lrmirrors: Mirror: https://mirrors.xtom.ee/fedora/releases/43/Everything/x86_64/os/
2025-12-26T14:49:03+0000 [14028] DEBUG [librepo] lr_prepare_lrmirrors: Mirror: rsync://mirrors.xtom.ee/fedora/releases/43/Everything/x86_64/os/
2025-12-26T14:49:03+0000 [14028] DEBUG [librepo] lr_prepare_lrmirrors: Mirror: http://mirrors.xtom.ee/fedora/releases/43/Everything/x86_64/os/
2025-12-26T14:49:03+0000 [14028] DEBUG [librepo] lr_prepare_lrmirrors: Mirror: rsync://mirror.nl.leaseweb.net/fedora/linux/releases/43/Everything/x86_64/os/
2025-12-26T14:49:03+0000 [14028] DEBUG [librepo] lr_prepare_lrmirrors: Mirror: http://mirror.nl.leaseweb.net/fedora/linux/releases/43/Everything/x86_64/os/
2025-12-26T14:49:03+0000 [14028] DEBUG [librepo] lr_prepare_lrmirrors: Mirror: http://fedora.mirror.liteserver.nl/linux/releases/43/Everything/x86_64/os/
2025-12-26T14:49:03+0000 [14028] DEBUG [librepo] lr_prepare_lrmirrors: Mirror: rsync://mirror.liteserver.nl/fedora/linux/releases/43/Everything/x86_64/os/
2025-12-26T14:49:03+0000 [14028] DEBUG [librepo] lr_prepare_lrmirrors: Mirror: https://fedora.mirror.liteserver.nl/linux/releases/43/Everything/x86_64/os/
2025-12-26T14:49:03+0000 [14028] DEBUG [librepo] lr_prepare_lrmirrors: Mirror: https://mirror.plusline.net/fedora/linux/releases/43/Everything/x86_64/os/
2025-12-26T14:49:03+0000 [14028] DEBUG [librepo] lr_prepare_lrmirrors: Mirror: rsync://mirror.plusline.net/fedora/linux/releases/43/Everything/x86_64/os/
2025-12-26T14:49:03+0000 [14028] DEBUG [librepo] lr_prepare_lrmirrors: Mirror: http://mirror.plusline.net/fedora/linux/releases/43/Everything/x86_64/os/
2025-12-26T14:49:03+0000 [14028] DEBUG [librepo] lr_prepare_lrmirrors: Mirror: http://ftp.sh.cvut.cz/fedora/linux/releases/43/Everything/x86_64/os/
2025-12-26T14:49:03+0000 [14028] DEBUG [librepo] lr_prepare_lrmirrors: Mirror: https://ftp.sh.cvut.cz/fedora/linux/releases/43/Everything/x86_64/os/
2025-12-26T14:49:03+0000 [14028] DEBUG [librepo] lr_prepare_lrmirrors: Mirror: rsync://ftp.sh.cvut.cz/fedora/linux/releases/43/Everything/x86_64/os/
2025-12-26T14:49:03+0000 [14028] DEBUG [librepo] lr_prepare_lrmirrors: Mirror: https://ftp-stud.hs-esslingen.de/pub/fedora/linux/releases/43/Everything/x86_64/os/
2025-12-26T14:49:03+0000 [14028] DEBUG [librepo] lr_prepare_lrmirrors: Mirror: rsync://ftp-stud.hs-esslingen.de/fedora/linux/releases/43/Everything/x86_64/os/
2025-12-26T14:49:03+0000 [14028] DEBUG [librepo] lr_prepare_lrmirrors: Mirror: http://ftp-stud.hs-esslingen.de/pub/fedora/linux/releases/43/Everything/x86_64/os/
2025-12-26T14:49:03+0000 [14028] DEBUG [librepo] lr_prepare_lrmirrors: Mirror: http://fedora.ipacct.com/fedora/linux/releases/43/Everything/x86_64/os/
2025-12-26T14:49:03+0000 [14028] DEBUG [librepo] lr_prepare_lrmirrors: Mirror: https://fedora.ipacct.com/fedora/linux/releases/43/Everything/x86_64/os/
2025-12-26T14:49:03+0000 [14028] DEBUG [librepo] lr_prepare_lrmirrors: Mirror: rsync://fedora.ipacct.com/fedora/linux/releases/43/Everything/x86_64/os/
2025-12-26T14:49:03+0000 [14028] DEBUG [librepo] lr_prepare_lrmirrors: Mirror: http://ftp.cica.es/fedora/linux/releases/43/Everything/x86_64/os/
2025-12-26T14:49:03+0000 [14028] DEBUG [librepo] lr_prepare_lrmirrors: Mirror: rsync://rsync.cica.es/fedora-linux/releases/43/Everything/x86_64/os/
2025-12-26T14:49:03+0000 [14028] DEBUG [librepo] lr_prepare_lrmirrors: Mirror: rsync://distrib-coffee.ipsl.jussieu.fr/pub/linux/fedora/linux/releases/43/Everything/x86_64/os/
2025-12-26T14:49:03+0000 [14028] DEBUG [librepo] lr_prepare_lrmirrors: Mirror: http://distrib-coffee.ipsl.jussieu.fr/pub/linux/fedora/linux/releases/43/Everything/x86_64/os/
2025-12-26T14:49:03+0000 [14028] DEBUG [librepo] lr_prepare_lrmirrors: Mirror: https://mirror.maeen.sa/fedora/releases/43/Everything/x86_64/os/
2025-12-26T14:49:03+0000 [14028] DEBUG [librepo] lr_prepare_lrmirrors: Mirror: http://mirror.maeen.sa/fedora/releases/43/Everything/x86_64/os/
2025-12-26T14:49:03+0000 [14028] DEBUG [librepo] lr_prepare_lrmirrors: Mirror: rsync://mirror.maeen.sa/fedora/releases/43/Everything/x86_64/os/
2025-12-26T14:49:03+0000 [14028] DEBUG [librepo] lr_prepare_lrmirrors: Mirror: http://mirrors.ircam.fr/pub/fedora/linux/releases/43/Everything/x86_64/os/
2025-12-26T14:49:03+0000 [14028] DEBUG [librepo] lr_prepare_lrmirrors: Mirror: rsync://mirrors.ircam.fr/fedora-linux/releases/43/Everything/x86_64/os/
2025-12-26T14:49:03+0000 [14028] DEBUG [librepo] lr_prepare_lrmirrors: Mirror: https://mirrors.ircam.fr/pub/fedora/linux/releases/43/Everything/x86_64/os/
2025-12-26T14:49:03+0000 [14028] DEBUG [librepo] lr_prepare_lrmirrors: Mirror: https://mirror.imt-systems.com/fedora/linux/releases/43/Everything/x86_64/os/
2025-12-26T14:49:03+0000 [14028] DEBUG [librepo] lr_prepare_lrmirrors: Mirror: rsync://mirror.imt-systems.com/fedora/linux/releases/43/Everything/x86_64/os/
2025-12-26T14:49:03+0000 [14028] DEBUG [librepo] lr_prepare_lrmirrors: Mirror: http://mirror.imt-systems.com/fedora/linux/releases/43/Everything/x86_64/os/
2025-12-26T14:49:03+0000 [14028] DEBUG [librepo] lr_prepare_lrmirrors: Mirror: http://mirror.etf.bg.ac.rs/fedora/releases/43/Everything/x86_64/os/
2025-12-26T14:49:03+0000 [14028] DEBUG [librepo] lr_prepare_lrmirrors: Mirror: rsync://fedora-mirror02.rbc.ru/fedora-enchilada/releases/43/Everything/x86_64/os/
2025-12-26T14:49:03+0000 [14028] DEBUG [librepo] lr_prepare_lrmirrors: Mirror: http://fedora-mirror02.rbc.ru/pub/fedora/linux/releases/43/Everything/x86_64/os/
2025-12-26T14:49:03+0000 [14028] DEBUG [librepo] lr_prepare_lrmirrors: Mirror: https://distrohub.kyiv.ua/fedora/fedora/linux/releases/43/Everything/x86_64/os/
2025-12-26T14:49:03+0000 [14028] DEBUG [librepo] lr_prepare_lrmirrors: Mirror: rsync://distrohub.kyiv.ua/fedora/fedora/linux/releases/43/Everything/x86_64/os/
2025-12-26T14:49:03+0000 [14028] DEBUG [librepo] lr_prepare_lrmirrors: Mirror: http://distrohub.kyiv.ua/fedora/fedora/linux/releases/43/Everything/x86_64/os/
2025-12-26T14:49:03+0000 [14028] DEBUG [librepo] lr_prepare_lrmirrors: Mirror: http://mirrors.chroot.ro/fedora/linux/releases/43/Everything/x86_64/os/
2025-12-26T14:49:03+0000 [14028] DEBUG [librepo] lr_prepare_lrmirrors: Mirror: http://ftp.otenet.gr/linux/fedora/linux/releases/43/Everything/x86_64/os/
2025-12-26T14:49:03+0000 [14028] DEBUG [librepo] lr_download: Target: repodata/d98386eee3b666157656ac39450d1abad187bb47557d23cd6b199a0a4dbd9c5e-filelists.xml.zck (-)
2025-12-26T14:49:03+0000 [14028] DEBUG [librepo] lr_download: Target: repodata/73a6103e51d00abd1abd50eb54f98a07b398a86972555b532af6acdb98565c3d-comps-Everything.x86_64.xml.zst (-)
2025-12-26T14:49:03+0000 [14028] DEBUG [librepo] lr_download: Target: repodata/f570116596bfede3bcba9624346ca9fa6f99136cf4367f42e8fbaca33b231295-primary.xml.zck (-)
2025-12-26T14:49:03+0000 [14028] DEBUG [librepo] lr_prepare_lrmirrors: Preparing internal mirror list for handle id: 0x55bc50fec7d0
2025-12-26T14:49:03+0000 [14028] DEBUG [librepo] lr_prepare_lrmirrors: Mirror: https://fedora.mirrorservice.org/fedora/linux/updates/43/Everything/x86_64/
2025-12-26T14:49:03+0000 [14028] DEBUG [librepo] lr_prepare_lrmirrors: Mirror: http://fedora.mirrorservice.org/fedora/linux/updates/43/Everything/x86_64/
2025-12-26T14:49:03+0000 [14028] DEBUG [librepo] lr_prepare_lrmirrors: Mirror: rsync://rsync.mirrorservice.org/dl.fedoraproject.org/pub/fedora/linux/updates/43/Everything/x86_64/
2025-12-26T14:49:03+0000 [14028] DEBUG [librepo] lr_prepare_lrmirrors: Mirror: http://creeperhost.mm.fcix.net/fedora/linux/updates/43/Everything/x86_64/
2025-12-26T14:49:03+0000 [14028] DEBUG [librepo] lr_prepare_lrmirrors: Mirror: https://creeperhost.mm.fcix.net/fedora/linux/updates/43/Everything/x86_64/
2025-12-26T14:49:03+0000 [14028] DEBUG [librepo] lr_prepare_lrmirrors: Mirror: rsync://creeperhost.mm.fcix.net/fedora-enchilada/linux/updates/43/Everything/x86_64/
2025-12-26T14:49:03+0000 [14028] DEBUG [librepo] lr_prepare_lrmirrors: Mirror: https://ask4.mm.fcix.net/fedora/linux/updates/43/Everything/x86_64/
2025-12-26T14:49:03+0000 [14028] DEBUG [librepo] lr_prepare_lrmirrors: Mirror: http://ask4.mm.fcix.net/fedora/linux/updates/43/Everything/x86_64/
2025-12-26T14:49:03+0000 [14028] DEBUG [librepo] lr_prepare_lrmirrors: Mirror: rsync://ask4.mm.fcix.net/fedora-enchilada/linux/updates/43/Everything/x86_64/
2025-12-26T14:49:03+0000 [14028] DEBUG [librepo] lr_prepare_lrmirrors: Mirror: https://b4sh.mm.fcix.net/fedora/linux/updates/43/Everything/x86_64/
2025-12-26T14:49:03+0000 [14028] DEBUG [librepo] lr_prepare_lrmirrors: Mirror: http://b4sh.mm.fcix.net/fedora/linux/updates/43/Everything/x86_64/
2025-12-26T14:49:03+0000 [14028] DEBUG [librepo] lr_prepare_lrmirrors: Mirror: rsync://b4sh.mm.fcix.net/fedora-enchilada/linux/updates/43/Everything/x86_64/
2025-12-26T14:49:03+0000 [14028] DEBUG [librepo] lr_prepare_lrmirrors: Mirror: http://mirror.yandex.ru/fedora/linux/updates/43/Everything/x86_64/
2025-12-26T14:49:03+0000 [14028] DEBUG [librepo] lr_prepare_lrmirrors: Mirror: rsync://mirror.yandex.ru/fedora/linux/updates/43/Everything/x86_64/
2025-12-26T14:49:03+0000 [14028] DEBUG [librepo] lr_prepare_lrmirrors: Mirror: https://mirror.yandex.ru/fedora/linux/updates/43/Everything/x86_64/
2025-12-26T14:49:03+0000 [14028] DEBUG [librepo] lr_prepare_lrmirrors: Mirror: http://mirror.23m.com/fedora/linux/updates/43/Everything/x86_64/
2025-12-26T14:49:03+0000 [14028] DEBUG [librepo] lr_prepare_lrmirrors: Mirror: https://mirror.23m.com/fedora/linux/updates/43/Everything/x86_64/
2025-12-26T14:49:03+0000 [14028] DEBUG [librepo] lr_prepare_lrmirrors: Mirror: rsync://mirror.23m.com/fedora/linux/updates/43/Everything/x86_64/
2025-12-26T14:49:03+0000 [14028] DEBUG [librepo] lr_prepare_lrmirrors: Mirror: http://mirrors.chroot.ro/fedora/linux/updates/43/Everything/x86_64/
2025-12-26T14:49:03+0000 [14028] DEBUG [librepo] lr_prepare_lrmirrors: Mirror: https://eu.edge.kernel.org/fedora/updates/43/Everything/x86_64/
2025-12-26T14:49:03+0000 [14028] DEBUG [librepo] lr_prepare_lrmirrors: Mirror: http://fedora.ip-connect.info/linux/updates/43/Everything/x86_64/
2025-12-26T14:49:03+0000 [14028] DEBUG [librepo] lr_prepare_lrmirrors: Mirror: https://fedora.ip-connect.info/linux/updates/43/Everything/x86_64/
2025-12-26T14:49:03+0000 [14028] DEBUG [librepo] lr_prepare_lrmirrors: Mirror: rsync://fedora.ip-connect.info/fedora/linux/updates/43/Everything/x86_64/
2025-12-26T14:49:03+0000 [14028] DEBUG [librepo] lr_prepare_lrmirrors: Mirror: http://fedora.ipacct.com/fedora/linux/updates/43/Everything/x86_64/
2025-12-26T14:49:03+0000 [14028] DEBUG [librepo] lr_prepare_lrmirrors: Mirror: https://fedora.ipacct.com/fedora/linux/updates/43/Everything/x86_64/
2025-12-26T14:49:03+0000 [14028] DEBUG [librepo] lr_prepare_lrmirrors: Mirror: rsync://fedora.ipacct.com/fedora/linux/updates/43/Everything/x86_64/
2025-12-26T14:49:03+0000 [14028] DEBUG [librepo] lr_prepare_lrmirrors: Mirror: https://fedora.ip-connect.vn.ua/linux/updates/43/Everything/x86_64/
2025-12-26T14:49:03+0000 [14028] DEBUG [librepo] lr_prepare_lrmirrors: Mirror: rsync://fedora.ip-connect.vn.ua/fedora/linux/updates/43/Everything/x86_64/
2025-12-26T14:49:03+0000 [14028] DEBUG [librepo] lr_prepare_lrmirrors: Mirror: http://fedora.ip-connect.vn.ua/linux/updates/43/Everything/x86_64/
2025-12-26T14:49:03+0000 [14028] DEBUG [librepo] lr_prepare_lrmirrors: Mirror: rsync://mirror.karneval.cz/fedora/linux/updates/43/Everything/x86_64/
2025-12-26T14:49:03+0000 [14028] DEBUG [librepo] lr_prepare_lrmirrors: Mirror: https://mirror.karneval.cz/pub/linux/fedora/linux/updates/43/Everything/x86_64/
2025-12-26T14:49:03+0000 [14028] DEBUG [librepo] lr_prepare_lrmirrors: Mirror: rsync://mirror.i3d.net/fedora/linux/updates/43/Everything/x86_64/
2025-12-26T14:49:03+0000 [14028] DEBUG [librepo] lr_prepare_lrmirrors: Mirror: https://mirror.i3d.net/pub/fedora/linux/updates/43/Everything/x86_64/
2025-12-26T14:49:03+0000 [14028] DEBUG [librepo] lr_prepare_lrmirrors: Mirror: http://mirror.i3d.net/pub/fedora/linux/updates/43/Everything/x86_64/
2025-12-26T14:49:03+0000 [14028] DEBUG [librepo] lr_prepare_lrmirrors: Mirror: https://ftp.lysator.liu.se/pub/fedora/linux/updates/43/Everything/x86_64/
2025-12-26T14:49:03+0000 [14028] DEBUG [librepo] lr_prepare_lrmirrors: Mirror: http://ftp.lysator.liu.se/pub/fedora/linux/updates/43/Everything/x86_64/
2025-12-26T14:49:03+0000 [14028] DEBUG [librepo] lr_prepare_lrmirrors: Mirror: rsync://ftp.lysator.liu.se/pub/fedora/linux/updates/43/Everything/x86_64/
2025-12-26T14:49:03+0000 [14028] DEBUG [librepo] lr_prepare_lrmirrors: Mirror: rsync://ftp.uni-stuttgart.de/fedora/updates/43/Everything/x86_64/
2025-12-26T14:49:03+0000 [14028] DEBUG [librepo] lr_prepare_lrmirrors: Mirror: https://ftp.uni-stuttgart.de/fedora/updates/43/Everything/x86_64/
2025-12-26T14:49:03+0000 [14028] DEBUG [librepo] lr_prepare_lrmirrors: Mirror: http://ftp.uni-stuttgart.de/fedora/updates/43/Everything/x86_64/
2025-12-26T14:49:03+0000 [14028] DEBUG [librepo] lr_prepare_lrmirrors: Mirror: rsync://mirrors.dotsrc.org/fedora-enchilada/linux/updates/43/Everything/x86_64/
2025-12-26T14:49:03+0000 [14028] DEBUG [librepo] lr_prepare_lrmirrors: Mirror: http://mirrors.dotsrc.org/fedora-enchilada/linux/updates/43/Everything/x86_64/
2025-12-26T14:49:03+0000 [14028] DEBUG [librepo] lr_prepare_lrmirrors: Mirror: https://mirrors.dotsrc.org/fedora-enchilada/linux/updates/43/Everything/x86_64/
2025-12-26T14:49:03+0000 [14028] DEBUG [librepo] lr_prepare_lrmirrors: Mirror: https://ftp.upjs.sk/pub/fedora/linux/updates/43/Everything/x86_64/
2025-12-26T14:49:03+0000 [14028] DEBUG [librepo] lr_prepare_lrmirrors: Mirror: http://ftp.upjs.sk/pub/fedora/linux/updates/43/Everything/x86_64/
2025-12-26T14:49:03+0000 [14028] DEBUG [librepo] lr_prepare_lrmirrors: Mirror: rsync://ftp.upjs.sk/pub/fedora/linux/updates/43/Everything/x86_64/
2025-12-26T14:49:03+0000 [14028] DEBUG [librepo] lr_prepare_lrmirrors: Mirror: http://fedora.mirror.liteserver.nl/linux/updates/43/Everything/x86_64/
2025-12-26T14:49:03+0000 [14028] DEBUG [librepo] lr_prepare_lrmirrors: Mirror: rsync://mirror.liteserver.nl/fedora/linux/updates/43/Everything/x86_64/
2025-12-26T14:49:03+0000 [14028] DEBUG [librepo] lr_prepare_lrmirrors: Mirror: https://fedora.mirror.liteserver.nl/linux/updates/43/Everything/x86_64/
2025-12-26T14:49:03+0000 [14028] DEBUG [librepo] lr_prepare_lrmirrors: Mirror: http://mirror.bahnhof.net/pub/fedora/linux/updates/43/Everything/x86_64/
2025-12-26T14:49:03+0000 [14028] DEBUG [librepo] lr_prepare_lrmirrors: Mirror: https://mirror.bahnhof.net/pub/fedora/linux/updates/43/Everything/x86_64/
2025-12-26T14:49:03+0000 [14028] DEBUG [librepo] lr_prepare_lrmirrors: Mirror: http://ftp.uni-bayreuth.de/linux/fedora/linux/updates/43/Everything/x86_64/
2025-12-26T14:49:03+0000 [14028] DEBUG [librepo] lr_prepare_lrmirrors: Mirror: rsync://rsync.uni-bayreuth.de/fedora-enchilada/linux/updates/43/Everything/x86_64/
2025-12-26T14:49:03+0000 [14028] DEBUG [librepo] lr_prepare_lrmirrors: Mirror: https://mirrors.nxthost.com/fedora/updates/43/Everything/x86_64/
2025-12-26T14:49:03+0000 [14028] DEBUG [librepo] lr_prepare_lrmirrors: Mirror: http://mirrors.nxthost.com/fedora/updates/43/Everything/x86_64/
2025-12-26T14:49:03+0000 [14028] DEBUG [librepo] lr_prepare_lrmirrors: Mirror: rsync://mirrors.nxthost.com/fedora/updates/43/Everything/x86_64/
2025-12-26T14:49:03+0000 [14028] DEBUG [librepo] lr_prepare_lrmirrors: Mirror: https://mirror.plusline.net/fedora/linux/updates/43/Everything/x86_64/
2025-12-26T14:49:03+0000 [14028] DEBUG [librepo] lr_prepare_lrmirrors: Mirror: rsync://mirror.plusline.net/fedora/linux/updates/43/Everything/x86_64/
2025-12-26T14:49:03+0000 [14028] DEBUG [librepo] lr_prepare_lrmirrors: Mirror: http://mirror.plusline.net/fedora/linux/updates/43/Everything/x86_64/
2025-12-26T14:49:03+0000 [14028] DEBUG [librepo] lr_prepare_lrmirrors: Mirror: http://mirror.slu.cz/fedora/linux/updates/43/Everything/x86_64/
2025-12-26T14:49:03+0000 [14028] DEBUG [librepo] lr_prepare_lrmirrors: Mirror: rsync://mirror.slu.cz/fedora/linux/updates/43/Everything/x86_64/
2025-12-26T14:49:03+0000 [14028] DEBUG [librepo] lr_prepare_lrmirrors: Mirror: https://mirror.slu.cz/fedora/linux/updates/43/Everything/x86_64/
2025-12-26T14:49:03+0000 [14028] DEBUG [librepo] lr_prepare_lrmirrors: Mirror: http://ftp.fau.de/fedora/linux/updates/43/Everything/x86_64/
2025-12-26T14:49:03+0000 [14028] DEBUG [librepo] lr_prepare_lrmirrors: Mirror: https://ftp.fau.de/fedora/linux/updates/43/Everything/x86_64/
2025-12-26T14:49:03+0000 [14028] DEBUG [librepo] lr_prepare_lrmirrors: Mirror: rsync://ftp.fau.de/fedora/linux/updates/43/Everything/x86_64/
2025-12-26T14:49:03+0000 [14028] DEBUG [librepo] lr_prepare_lrmirrors: Mirror: https://ftp-stud.hs-esslingen.de/pub/fedora/linux/updates/43/Everything/x86_64/
2025-12-26T14:49:03+0000 [14028] DEBUG [librepo] lr_prepare_lrmirrors: Mirror: rsync://ftp-stud.hs-esslingen.de/fedora/linux/updates/43/Everything/x86_64/
2025-12-26T14:49:03+0000 [14028] DEBUG [librepo] lr_prepare_lrmirrors: Mirror: http://ftp-stud.hs-esslingen.de/pub/fedora/linux/updates/43/Everything/x86_64/
2025-12-26T14:49:03+0000 [14028] DEBUG [librepo] lr_prepare_lrmirrors: Mirror: https://mirrors.xtom.ee/fedora/updates/43/Everything/x86_64/
2025-12-26T14:49:03+0000 [14028] DEBUG [librepo] lr_prepare_lrmirrors: Mirror: rsync://mirrors.xtom.ee/fedora/updates/43/Everything/x86_64/
2025-12-26T14:49:03+0000 [14028] DEBUG [librepo] lr_prepare_lrmirrors: Mirror: http://mirrors.xtom.ee/fedora/updates/43/Everything/x86_64/
2025-12-26T14:49:03+0000 [14028] DEBUG [librepo] lr_prepare_lrmirrors: Mirror: http://mirror.in2p3.fr/pub/fedora/linux/updates/43/Everything/x86_64/
2025-12-26T14:49:03+0000 [14028] DEBUG [librepo] lr_prepare_lrmirrors: Mirror: rsync://mirror.in2p3.fr/pub/fedora/linux/updates/43/Everything/x86_64/
2025-12-26T14:49:03+0000 [14028] DEBUG [librepo] lr_prepare_lrmirrors: Mirror: https://mirror.in2p3.fr/pub/fedora/linux/updates/43/Everything/x86_64/
2025-12-26T14:49:03+0000 [14028] DEBUG [librepo] lr_prepare_lrmirrors: Mirror: https://mirrors.n-ix.net/fedora/linux/updates/43/Everything/x86_64/
2025-12-26T14:49:03+0000 [14028] DEBUG [librepo] lr_prepare_lrmirrors: Mirror: rsync://mirrors.n-ix.net/fedora/updates/43/Everything/x86_64/
2025-12-26T14:49:03+0000 [14028] DEBUG [librepo] lr_prepare_lrmirrors: Mirror: http://mirrors.n-ix.net/fedora/linux/updates/43/Everything/x86_64/
2025-12-26T14:49:03+0000 [14028] DEBUG [librepo] lr_prepare_lrmirrors: Mirror: http://ftp.sh.cvut.cz/fedora/linux/updates/43/Everything/x86_64/
2025-12-26T14:49:03+0000 [14028] DEBUG [librepo] lr_prepare_lrmirrors: Mirror: https://ftp.sh.cvut.cz/fedora/linux/updates/43/Everything/x86_64/
2025-12-26T14:49:03+0000 [14028] DEBUG [librepo] lr_prepare_lrmirrors: Mirror: rsync://ftp.sh.cvut.cz/fedora/linux/updates/43/Everything/x86_64/
2025-12-26T14:49:03+0000 [14028] DEBUG [librepo] lr_prepare_lrmirrors: Mirror: http://mirror.dogado.de/fedora/linux/updates/43/Everything/x86_64/
2025-12-26T14:49:03+0000 [14028] DEBUG [librepo] lr_prepare_lrmirrors: Mirror: https://mirror.dogado.de/fedora/linux/updates/43/Everything/x86_64/
2025-12-26T14:49:03+0000 [14028] DEBUG [librepo] lr_prepare_lrmirrors: Mirror: rsync://mirror.dogado.de/fedora/linux/updates/43/Everything/x86_64/
2025-12-26T14:49:03+0000 [14028] DEBUG [librepo] lr_prepare_lrmirrors: Mirror: rsync://mirror.nl.leaseweb.net/fedora/linux/updates/43/Everything/x86_64/
2025-12-26T14:49:03+0000 [14028] DEBUG [librepo] lr_prepare_lrmirrors: Mirror: http://mirror.nl.leaseweb.net/fedora/linux/updates/43/Everything/x86_64/
2025-12-26T14:49:03+0000 [14028] DEBUG [librepo] lr_prepare_lrmirrors: Mirror: rsync://mirror.netsite.dk/fedora/updates/43/Everything/x86_64/
2025-12-26T14:49:03+0000 [14028] DEBUG [librepo] lr_prepare_lrmirrors: Mirror: https://mirror.netsite.dk/fedora/linux/updates/43/Everything/x86_64/
2025-12-26T14:49:03+0000 [14028] DEBUG [librepo] lr_prepare_lrmirrors: Mirror: http://mirror.netsite.dk/fedora/linux/updates/43/Everything/x86_64/
2025-12-26T14:49:03+0000 [14028] DEBUG [librepo] lr_prepare_lrmirrors: Mirror: rsync://rsync.nic.funet.fi/ftp/pub/mirrors/fedora.redhat.com/pub/fedora/linux/updates/43/Everything/x86_64/
2025-12-26T14:49:03+0000 [14028] DEBUG [librepo] lr_prepare_lrmirrors: Mirror: http://www.nic.funet.fi/pub/mirrors/fedora.redhat.com/pub/fedora/linux/updates/43/Everything/x86_64/
2025-12-26T14:49:03+0000 [14028] DEBUG [librepo] lr_prepare_lrmirrors: Mirror: https://mirrors.xtom.de/fedora/updates/43/Everything/x86_64/
2025-12-26T14:49:03+0000 [14028] DEBUG [librepo] lr_prepare_lrmirrors: Mirror: http://mirrors.xtom.de/fedora/updates/43/Everything/x86_64/
2025-12-26T14:49:03+0000 [14028] DEBUG [librepo] lr_prepare_lrmirrors: Mirror: rsync://mirrors.xtom.de/fedora/updates/43/Everything/x86_64/
2025-12-26T14:49:03+0000 [14028] DEBUG [librepo] lr_prepare_lrmirrors: Mirror: https://fr2.rpmfind.net/linux/fedora/linux/updates/43/Everything/x86_64/
2025-12-26T14:49:03+0000 [14028] DEBUG [librepo] lr_prepare_lrmirrors: Mirror: http://fr2.rpmfind.net/linux/fedora/linux/updates/43/Everything/x86_64/
2025-12-26T14:49:03+0000 [14028] DEBUG [librepo] lr_prepare_lrmirrors: Mirror: rsync://fr2.rpmfind.net/linux/fedora/linux/updates/43/Everything/x86_64/
2025-12-26T14:49:03+0000 [14028] DEBUG [librepo] lr_prepare_lrmirrors: Mirror: rsync://fedora.tu-chemnitz.de/ftp/pub/linux/fedora/linux/updates/43/Everything/x86_64/
2025-12-26T14:49:03+0000 [14028] DEBUG [librepo] lr_prepare_lrmirrors: Mirror: http://fedora.tu-chemnitz.de/pub/linux/fedora/linux/updates/43/Everything/x86_64/
2025-12-26T14:49:03+0000 [14028] DEBUG [librepo] lr_prepare_lrmirrors: Mirror: rsync://distrib-coffee.ipsl.jussieu.fr/pub/linux/fedora/linux/updates/43/Everything/x86_64/
2025-12-26T14:49:03+0000 [14028] DEBUG [librepo] lr_prepare_lrmirrors: Mirror: http://distrib-coffee.ipsl.jussieu.fr/pub/linux/fedora/linux/updates/43/Everything/x86_64/
2025-12-26T14:49:03+0000 [14028] DEBUG [librepo] lr_prepare_lrmirrors: Mirror: rsync://fedora-mirror02.rbc.ru/fedora-enchilada/updates/43/Everything/x86_64/
2025-12-26T14:49:03+0000 [14028] DEBUG [librepo] lr_prepare_lrmirrors: Mirror: http://fedora-mirror02.rbc.ru/pub/fedora/linux/updates/43/Everything/x86_64/
2025-12-26T14:49:03+0000 [14028] DEBUG [librepo] lr_prepare_lrmirrors: Mirror: https://mirror.maeen.sa/fedora/updates/43/Everything/x86_64/
2025-12-26T14:49:03+0000 [14028] DEBUG [librepo] lr_prepare_lrmirrors: Mirror: http://mirror.maeen.sa/fedora/updates/43/Everything/x86_64/
2025-12-26T14:49:03+0000 [14028] DEBUG [librepo] lr_prepare_lrmirrors: Mirror: rsync://mirror.maeen.sa/fedora/updates/43/Everything/x86_64/
2025-12-26T14:49:03+0000 [14028] DEBUG [librepo] lr_prepare_lrmirrors: Mirror: https://mirror.imt-systems.com/fedora/linux/updates/43/Everything/x86_64/
2025-12-26T14:49:03+0000 [14028] DEBUG [librepo] lr_prepare_lrmirrors: Mirror: rsync://mirror.imt-systems.com/fedora/linux/updates/43/Everything/x86_64/
2025-12-26T14:49:03+0000 [14028] DEBUG [librepo] lr_prepare_lrmirrors: Mirror: http://mirror.imt-systems.com/fedora/linux/updates/43/Everything/x86_64/
2025-12-26T14:49:03+0000 [14028] DEBUG [librepo] lr_prepare_lrmirrors: Mirror: https://distrohub.kyiv.ua/fedora/fedora/linux/updates/43/Everything/x86_64/
2025-12-26T14:49:03+0000 [14028] DEBUG [librepo] lr_prepare_lrmirrors: Mirror: rsync://distrohub.kyiv.ua/fedora/fedora/linux/updates/43/Everything/x86_64/
2025-12-26T14:49:03+0000 [14028] DEBUG [librepo] lr_prepare_lrmirrors: Mirror: http://distrohub.kyiv.ua/fedora/fedora/linux/updates/43/Everything/x86_64/
2025-12-26T14:49:03+0000 [14028] DEBUG [librepo] lr_prepare_lrmirrors: Mirror: http://ftp.otenet.gr/linux/fedora/linux/updates/43/Everything/x86_64/
2025-12-26T14:49:03+0000 [14028] DEBUG [librepo] lr_download: Target: repodata/e7b8572deda56ec51c971068b49fb98338858b92fe0cfb160af1a1b68c364cb5-filelists.xml.zck (-)
2025-12-26T14:49:03+0000 [14028] DEBUG [librepo] lr_download: Target: repodata/fcc4f66c721f96d1a63d6796325098fad52edf9af9ac66b9a1ff22ce4c72d78b-comps-Everything.x86_64.xml.zst (-)
2025-12-26T14:49:03+0000 [14028] DEBUG [librepo] lr_download: Target: repodata/0b4bb40b492321727906351c863cfa4df272b68769885e0a1aebda9546e78cb9-updateinfo.xml.zck (-)
2025-12-26T14:49:03+0000 [14028] DEBUG [librepo] lr_download: Target: repodata/aa1a9ab7a3cdffda906b294adb3d4031c5991e8e443f7777eabd4bbccde51967-primary.xml.zst (-)
2025-12-26T14:49:03+0000 [14028] DEBUG [librepo] lr_prepare_lrmirrors: Preparing internal mirror list for handle id: 0x55bc50fa59c0
2025-12-26T14:49:03+0000 [14028] DEBUG [librepo] lr_prepare_lrmirrors: Mirror: https://codecs.fedoraproject.org/openh264/43/x86_64/
2025-12-26T14:49:03+0000 [14028] DEBUG [librepo] lr_download: Target: repodata/fe7931412901203fb73717d3283209dcf05af265b14e78dbeaf82e20244abe69-filelists.xml.zst (-)
2025-12-26T14:49:03+0000 [14028] DEBUG [librepo] Selecting mirror for: repodata/affb4c277d7a0a05ec39e29c3207de63fe207adf97143e88c61bccc0e2a0135b-primary.xml.zck
2025-12-26T14:49:03+0000 [14028] INFO [librepo] Downloading: https://fedora.mirrorservice.org/fedora/linux/releases/43/Everything/x86_64/os/repodata/affb4c277d7a0a05ec39e29c3207de63fe207adf97143e88c61bccc0e2a0135b-primary.xml.zck
2025-12-26T14:49:03+0000 [14028] DEBUG [librepo] check_zck: Unable to read zchunk header: repodata/affb4c277d7a0a05ec39e29c3207de63fe207adf97143e88c61bccc0e2a0135b-primary.xml.zck
2025-12-26T14:49:03+0000 [14028] DEBUG [librepo] find_local_zck_header: Cache directory: /home/aidan/.cache/libdnf5

2025-12-26T14:49:03+0000 [14028] DEBUG [librepo] find_local_zck_header: Found file with same header at /home/aidan/.cache/libdnf5/fedora-fe4b228be7d3c150/repodata/affb4c277d7a0a05ec39e29c3207de63fe207adf97143e88c61bccc0e2a0135b-primary.xml.zck
2025-12-26T14:49:03+0000 [14028] DEBUG [librepo] Checking checksum: 4: 733fbeb51978aaf572b8c53c8c4d6c7e8535009c062749d2134f78b745149a7c
2025-12-26T14:49:03+0000 [14028] DEBUG [librepo] lr_zck_init_read: Found matching header in /home/aidan/.cache/libdnf5/fedora-fe4b228be7d3c150/repodata/affb4c277d7a0a05ec39e29c3207de63fe207adf97143e88c61bccc0e2a0135b-primary.xml.zck
2025-12-26T14:49:03+0000 [14028] DEBUG [librepo] check_zck: Checking zchunk data checksum: repodata/affb4c277d7a0a05ec39e29c3207de63fe207adf97143e88c61bccc0e2a0135b-primary.xml.zck
2025-12-26T14:49:03+0000 [14028] DEBUG [librepo] check_zck: File is complete
2025-12-26T14:49:03+0000 [14028] DEBUG [librepo] prepare_next_transfer: Target already fully downloaded: repodata/affb4c277d7a0a05ec39e29c3207de63fe207adf97143e88c61bccc0e2a0135b-primary.xml.zck
2025-12-26T14:49:03+0000 [14028] DEBUG [librepo] Selecting mirror for: repodata/d98386eee3b666157656ac39450d1abad187bb47557d23cd6b199a0a4dbd9c5e-filelists.xml.zck
2025-12-26T14:49:03+0000 [14028] INFO [librepo] Downloading: https://fedora.mirrorservice.org/fedora/linux/releases/43/Everything/x86_64/os/repodata/d98386eee3b666157656ac39450d1abad187bb47557d23cd6b199a0a4dbd9c5e-filelists.xml.zck
2025-12-26T14:49:03+0000 [14028] DEBUG [librepo] check_zck: Unable to read zchunk header: repodata/d98386eee3b666157656ac39450d1abad187bb47557d23cd6b199a0a4dbd9c5e-filelists.xml.zck
2025-12-26T14:49:03+0000 [14028] DEBUG [librepo] find_local_zck_header: Cache directory: /home/aidan/.cache/libdnf5

2025-12-26T14:49:03+0000 [14028] DEBUG [librepo] Selecting mirror for: repodata/73a6103e51d00abd1abd50eb54f98a07b398a86972555b532af6acdb98565c3d-comps-Everything.x86_64.xml.zst
2025-12-26T14:49:03+0000 [14028] INFO [librepo] Downloading: https://fedora.mirrorservice.org/fedora/linux/releases/43/Everything/x86_64/os/repodata/73a6103e51d00abd1abd50eb54f98a07b398a86972555b532af6acdb98565c3d-comps-Everything.x86_64.xml.zst
2025-12-26T14:49:03+0000 [14028] DEBUG [librepo] Selecting mirror for: repodata/f570116596bfede3bcba9624346ca9fa6f99136cf4367f42e8fbaca33b231295-primary.xml.zck
2025-12-26T14:49:03+0000 [14028] INFO [librepo] Downloading: https://fedora.mirrorservice.org/fedora/linux/updates/43/Everything/x86_64/repodata/f570116596bfede3bcba9624346ca9fa6f99136cf4367f42e8fbaca33b231295-primary.xml.zck
2025-12-26T14:49:03+0000 [14028] DEBUG [librepo] check_zck: Unable to read zchunk header: repodata/f570116596bfede3bcba9624346ca9fa6f99136cf4367f42e8fbaca33b231295-primary.xml.zck
2025-12-26T14:49:03+0000 [14028] DEBUG [librepo] find_local_zck_header: Cache directory: /home/aidan/.cache/libdnf5

2025-12-26T14:49:03+0000 [14028] DEBUG [librepo] find_local_zck_header: Found file with same header at /home/aidan/.cache/libdnf5/updates-431245df5652aba0/repodata/f570116596bfede3bcba9624346ca9fa6f99136cf4367f42e8fbaca33b231295-primary.xml.zck
2025-12-26T14:49:03+0000 [14028] DEBUG [librepo] Checking checksum: 4: d1e71a8694055516464d1a4a271c7ef388b74565bce91fa52ef26662d6ce80e1
2025-12-26T14:49:03+0000 [14028] DEBUG [librepo] lr_zck_init_read: Found matching header in /home/aidan/.cache/libdnf5/updates-431245df5652aba0/repodata/f570116596bfede3bcba9624346ca9fa6f99136cf4367f42e8fbaca33b231295-primary.xml.zck
2025-12-26T14:49:03+0000 [14028] DEBUG [librepo] check_zck: Checking zchunk data checksum: repodata/f570116596bfede3bcba9624346ca9fa6f99136cf4367f42e8fbaca33b231295-primary.xml.zck
2025-12-26T14:49:04+0000 [14028] DEBUG [librepo] check_zck: File is complete
2025-12-26T14:49:04+0000 [14028] DEBUG [librepo] prepare_next_transfer: Target already fully downloaded: repodata/f570116596bfede3bcba9624346ca9fa6f99136cf4367f42e8fbaca33b231295-primary.xml.zck
2025-12-26T14:49:04+0000 [14028] DEBUG [librepo] Selecting mirror for: repodata/e7b8572deda56ec51c971068b49fb98338858b92fe0cfb160af1a1b68c364cb5-filelists.xml.zck
2025-12-26T14:49:04+0000 [14028] INFO [librepo] Downloading: https://fedora.mirrorservice.org/fedora/linux/updates/43/Everything/x86_64/repodata/e7b8572deda56ec51c971068b49fb98338858b92fe0cfb160af1a1b68c364cb5-filelists.xml.zck
2025-12-26T14:49:04+0000 [14028] DEBUG [librepo] check_zck: Unable to read zchunk header: repodata/e7b8572deda56ec51c971068b49fb98338858b92fe0cfb160af1a1b68c364cb5-filelists.xml.zck
2025-12-26T14:49:04+0000 [14028] DEBUG [librepo] find_local_zck_header: Cache directory: /home/aidan/.cache/libdnf5

2025-12-26T14:49:04+0000 [14028] DEBUG [librepo] lr_download: Downloading started
2025-12-26T14:49:04+0000 [14028] DEBUG [librepo] Transfer finished: repodata/73a6103e51d00abd1abd50eb54f98a07b398a86972555b532af6acdb98565c3d-comps-Everything.x86_64.xml.zst (Effective url: https://fedora.mirrorservice.org/fedora/linux/releases/43/Everything/x86_64/os/repodata/73a6103e51d00abd1abd50eb54f98a07b398a86972555b532af6acdb98565c3d-comps-Everything.x86_64.xml.zst)
2025-12-26T14:49:04+0000 [14028] DEBUG [librepo] check_finished_transfer_checksum: Checksum (sha256) 73a6103e51d00abd1abd50eb54f98a07b398a86972555b532af6acdb98565c3d is OK
2025-12-26T14:49:04+0000 [14028] DEBUG [librepo] Selecting mirror for: repodata/fcc4f66c721f96d1a63d6796325098fad52edf9af9ac66b9a1ff22ce4c72d78b-comps-Everything.x86_64.xml.zst
2025-12-26T14:49:04+0000 [14028] INFO [librepo] Downloading: https://fedora.mirrorservice.org/fedora/linux/updates/43/Everything/x86_64/repodata/fcc4f66c721f96d1a63d6796325098fad52edf9af9ac66b9a1ff22ce4c72d78b-comps-Everything.x86_64.xml.zst
2025-12-26T14:49:04+0000 [14028] DEBUG [librepo] Transfer finished: repodata/e7b8572deda56ec51c971068b49fb98338858b92fe0cfb160af1a1b68c364cb5-filelists.xml.zck (Effective url: https://fedora.mirrorservice.org/fedora/linux/updates/43/Everything/x86_64/repodata/e7b8572deda56ec51c971068b49fb98338858b92fe0cfb160af1a1b68c364cb5-filelists.xml.zck)
2025-12-26T14:49:04+0000 [14028] DEBUG [librepo] Selecting mirror for: repodata/e7b8572deda56ec51c971068b49fb98338858b92fe0cfb160af1a1b68c364cb5-filelists.xml.zck
2025-12-26T14:49:04+0000 [14028] INFO [librepo] Downloading: https://fedora.mirrorservice.org/fedora/linux/updates/43/Everything/x86_64/repodata/e7b8572deda56ec51c971068b49fb98338858b92fe0cfb160af1a1b68c364cb5-filelists.xml.zck
2025-12-26T14:49:04+0000 [14028] DEBUG [librepo] Checking checksum: 4: 1d75fd28cd7ad373c2dba8d887f11a7af5d911e1405b8be343d2fb401044ab3b
2025-12-26T14:49:04+0000 [14028] DEBUG [librepo] lr_zck_init_read: Found matching header in repodata/e7b8572deda56ec51c971068b49fb98338858b92fe0cfb160af1a1b68c364cb5-filelists.xml.zck
2025-12-26T14:49:04+0000 [14028] DEBUG [librepo] check_zck: Checking zchunk data checksum: repodata/e7b8572deda56ec51c971068b49fb98338858b92fe0cfb160af1a1b68c364cb5-filelists.xml.zck
2025-12-26T14:49:04+0000 [14028] DEBUG [librepo] check_zck: Downloading rest of zchunk body: repodata/e7b8572deda56ec51c971068b49fb98338858b92fe0cfb160af1a1b68c364cb5-filelists.xml.zck
2025-12-26T14:49:04+0000 [14028] DEBUG [librepo] find_local_zck_chunks: Cache directory: /home/aidan/.cache/libdnf5

2025-12-26T14:49:04+0000 [14028] DEBUG [librepo] prep_zck_body: Chunks that still need to be downloaded: 3874
2025-12-26T14:49:04+0000 [14028] DEBUG [librepo] Transfer finished: repodata/fcc4f66c721f96d1a63d6796325098fad52edf9af9ac66b9a1ff22ce4c72d78b-comps-Everything.x86_64.xml.zst (Effective url: https://fedora.mirrorservice.org/fedora/linux/updates/43/Everything/x86_64/repodata/fcc4f66c721f96d1a63d6796325098fad52edf9af9ac66b9a1ff22ce4c72d78b-comps-Everything.x86_64.xml.zst)
2025-12-26T14:49:04+0000 [14028] DEBUG [librepo] check_finished_transfer_checksum: Checksum (sha256) fcc4f66c721f96d1a63d6796325098fad52edf9af9ac66b9a1ff22ce4c72d78b is OK
2025-12-26T14:49:04+0000 [14028] DEBUG [librepo] Selecting mirror for: repodata/0b4bb40b492321727906351c863cfa4df272b68769885e0a1aebda9546e78cb9-updateinfo.xml.zck
2025-12-26T14:49:04+0000 [14028] INFO [librepo] Downloading: https://fedora.mirrorservice.org/fedora/linux/updates/43/Everything/x86_64/repodata/0b4bb40b492321727906351c863cfa4df272b68769885e0a1aebda9546e78cb9-updateinfo.xml.zck
2025-12-26T14:49:04+0000 [14028] DEBUG [librepo] check_zck: Unable to read zchunk header: repodata/0b4bb40b492321727906351c863cfa4df272b68769885e0a1aebda9546e78cb9-updateinfo.xml.zck
2025-12-26T14:49:04+0000 [14028] DEBUG [librepo] find_local_zck_header: Cache directory: /home/aidan/.cache/libdnf5

2025-12-26T14:49:04+0000 [14028] DEBUG [librepo] find_local_zck_header: Found file with same header at /home/aidan/.cache/libdnf5/updates-431245df5652aba0/repodata/0b4bb40b492321727906351c863cfa4df272b68769885e0a1aebda9546e78cb9-updateinfo.xml.zck
2025-12-26T14:49:04+0000 [14028] DEBUG [librepo] Checking checksum: 4: a5dad1c686e82203b35a28d83343d184030036022c022749389208f1dbf6b525
2025-12-26T14:49:04+0000 [14028] DEBUG [librepo] lr_zck_init_read: Found matching header in /home/aidan/.cache/libdnf5/updates-431245df5652aba0/repodata/0b4bb40b492321727906351c863cfa4df272b68769885e0a1aebda9546e78cb9-updateinfo.xml.zck
2025-12-26T14:49:04+0000 [14028] DEBUG [librepo] check_zck: Checking zchunk data checksum: repodata/0b4bb40b492321727906351c863cfa4df272b68769885e0a1aebda9546e78cb9-updateinfo.xml.zck
2025-12-26T14:49:04+0000 [14028] DEBUG [librepo] check_zck: File is complete
2025-12-26T14:49:04+0000 [14028] DEBUG [librepo] prepare_next_transfer: Target already fully downloaded: repodata/0b4bb40b492321727906351c863cfa4df272b68769885e0a1aebda9546e78cb9-updateinfo.xml.zck
2025-12-26T14:49:04+0000 [14028] DEBUG [librepo] Selecting mirror for: repodata/aa1a9ab7a3cdffda906b294adb3d4031c5991e8e443f7777eabd4bbccde51967-primary.xml.zst
2025-12-26T14:49:04+0000 [14028] INFO [librepo] Downloading: https://codecs.fedoraproject.org/openh264/43/x86_64/repodata/aa1a9ab7a3cdffda906b294adb3d4031c5991e8e443f7777eabd4bbccde51967-primary.xml.zst
2025-12-26T14:49:04+0000 [14028] DEBUG [librepo] Transfer finished: repodata/d98386eee3b666157656ac39450d1abad187bb47557d23cd6b199a0a4dbd9c5e-filelists.xml.zck (Effective url: https://fedora.mirrorservice.org/fedora/linux/releases/43/Everything/x86_64/os/repodata/d98386eee3b666157656ac39450d1abad187bb47557d23cd6b199a0a4dbd9c5e-filelists.xml.zck)
2025-12-26T14:49:04+0000 [14028] DEBUG [librepo] Selecting mirror for: repodata/d98386eee3b666157656ac39450d1abad187bb47557d23cd6b199a0a4dbd9c5e-filelists.xml.zck
2025-12-26T14:49:04+0000 [14028] INFO [librepo] Downloading: https://fedora.mirrorservice.org/fedora/linux/releases/43/Everything/x86_64/os/repodata/d98386eee3b666157656ac39450d1abad187bb47557d23cd6b199a0a4dbd9c5e-filelists.xml.zck
2025-12-26T14:49:04+0000 [14028] DEBUG [librepo] Checking checksum: 4: 57c87a4db66ffb321e1cdb176fbf9ed8a31d32382f18c9a06cd959beb00d4500
2025-12-26T14:49:04+0000 [14028] DEBUG [librepo] lr_zck_init_read: Found matching header in repodata/d98386eee3b666157656ac39450d1abad187bb47557d23cd6b199a0a4dbd9c5e-filelists.xml.zck
2025-12-26T14:49:04+0000 [14028] DEBUG [librepo] check_zck: Checking zchunk data checksum: repodata/d98386eee3b666157656ac39450d1abad187bb47557d23cd6b199a0a4dbd9c5e-filelists.xml.zck
2025-12-26T14:49:04+0000 [14028] DEBUG [librepo] check_zck: Downloading rest of zchunk body: repodata/d98386eee3b666157656ac39450d1abad187bb47557d23cd6b199a0a4dbd9c5e-filelists.xml.zck
2025-12-26T14:49:04+0000 [14028] DEBUG [librepo] find_local_zck_chunks: Cache directory: /home/aidan/.cache/libdnf5

2025-12-26T14:49:05+0000 [14028] DEBUG [librepo] prep_zck_body: Chunks that still need to be downloaded: 28035
2025-12-26T14:49:05+0000 [14028] DEBUG [librepo] Transfer finished: repodata/aa1a9ab7a3cdffda906b294adb3d4031c5991e8e443f7777eabd4bbccde51967-primary.xml.zst (Effective url: https://codecs.fedoraproject.org/openh264/43/x86_64/repodata/aa1a9ab7a3cdffda906b294adb3d4031c5991e8e443f7777eabd4bbccde51967-primary.xml.zst)
2025-12-26T14:49:05+0000 [14028] DEBUG [librepo] check_finished_transfer_checksum: Checksum (sha256) aa1a9ab7a3cdffda906b294adb3d4031c5991e8e443f7777eabd4bbccde51967 is OK
2025-12-26T14:49:05+0000 [14028] DEBUG [librepo] Selecting mirror for: repodata/fe7931412901203fb73717d3283209dcf05af265b14e78dbeaf82e20244abe69-filelists.xml.zst
2025-12-26T14:49:05+0000 [14028] INFO [librepo] Downloading: https://codecs.fedoraproject.org/openh264/43/x86_64/repodata/fe7931412901203fb73717d3283209dcf05af265b14e78dbeaf82e20244abe69-filelists.xml.zst
2025-12-26T14:49:05+0000 [14028] DEBUG [librepo] Transfer finished: repodata/fe7931412901203fb73717d3283209dcf05af265b14e78dbeaf82e20244abe69-filelists.xml.zst (Effective url: https://codecs.fedoraproject.org/openh264/43/x86_64/repodata/fe7931412901203fb73717d3283209dcf05af265b14e78dbeaf82e20244abe69-filelists.xml.zst)
2025-12-26T14:49:05+0000 [14028] DEBUG [librepo] check_finished_transfer_checksum: Checksum (sha256) fe7931412901203fb73717d3283209dcf05af265b14e78dbeaf82e20244abe69 is OK
2025-12-26T14:49:05+0000 [14028] DEBUG [librepo] lr_handle_perform: Using dir: /home/aidan/.cache/libdnf5/fedora-cisco-openh264-65b03c203277e378
2025-12-26T14:49:05+0000 [14028] DEBUG [librepo] lr_handle_perform: Using own SIGINT handler
2025-12-26T14:49:05+0000 [14028] DEBUG [librepo] lr_handle_prepare_internal_mirrorlist: Preparing internal mirrorlist
2025-12-26T14:49:05+0000 [14028] DEBUG [librepo] lr_handle_prepare_metalink: Local metalink.xml found at /home/aidan/.cache/libdnf5/fedora-cisco-openh264-65b03c203277e378/metalink.xml
2025-12-26T14:49:05+0000 [14028] DEBUG [librepo] lr_handle_prepare_metalink: Parsing metalink.xml
2025-12-26T14:49:05+0000 [14028] DEBUG [librepo] lr_handle_prepare_metalink: Mirrors from metalink:
2025-12-26T14:49:05+0000 [14028] DEBUG [librepo]   https://codecs.fedoraproject.org/openh264/43/x86_64/repodata/repomd.xml
2025-12-26T14:49:05+0000 [14028] DEBUG [librepo] lr_handle_prepare_metalink: Metalink parsed
2025-12-26T14:49:05+0000 [14028] DEBUG [librepo] lr_handle_prepare_internal_mirrorlist: Finalizing internal mirrorlist
2025-12-26T14:49:05+0000 [14028] DEBUG [librepo] lr_handle_prepare_internal_mirrorlist: Finalizing mirrors reported via LRI_MIRRORS
2025-12-26T14:49:05+0000 [14028] DEBUG [librepo] lr_handle_perform: Downloading/Locating yum repo
2025-12-26T14:49:05+0000 [14028] DEBUG [librepo] lr_yum_use_local: Locating repo..
2025-12-26T14:49:05+0000 [14028] DEBUG [librepo] lr_yum_use_local_load_base: Found local metalink: /home/aidan/.cache/libdnf5/fedora-cisco-openh264-65b03c203277e378/metalink.xml
2025-12-26T14:49:05+0000 [14028] DEBUG [librepo] lr_yum_use_local_load_base: Parsing repomd.xml
2025-12-26T14:49:05+0000 [14028] DEBUG [librepo] lr_yum_use_local_load_base: Repomd revision: 1741171556
2025-12-26T14:49:05+0000 [14028] DEBUG [librepo] lr_yum_use_local: Repository was successfully located
2025-12-26T14:49:05+0000 [14028] DEBUG [librepo] lr_yum_check_checksum_of_md_record: Checking checksum of /home/aidan/.cache/libdnf5/fedora-cisco-openh264-65b03c203277e378/repodata/aa1a9ab7a3cdffda906b294adb3d4031c5991e8e443f7777eabd4bbccde51967-primary.xml.zst (expected: aa1a9ab7a3cdffda906b294adb3d4031c5991e8e443f7777eabd4bbccde51967 [sha256])
2025-12-26T14:49:05+0000 [14028] DEBUG [librepo] lr_checksum_fd_compare: Using mtime cached in xattr: [user.librepo.checksum.mtime] 1766760545713918885
2025-12-26T14:49:05+0000 [14028] DEBUG [librepo] lr_checksum_fd_compare: Using checksum cached in xattr: [user.librepo.checksum.sha256] aa1a9ab7a3cdffda906b294adb3d4031c5991e8e443f7777eabd4bbccde51967
2025-12-26T14:49:05+0000 [14028] DEBUG [librepo] lr_yum_check_checksum_of_md_record: Checksum check - Passed
2025-12-26T14:49:05+0000 [14028] DEBUG [librepo] lr_yum_check_checksum_of_md_record: Checking checksum of /home/aidan/.cache/libdnf5/fedora-cisco-openh264-65b03c203277e378/repodata/fe7931412901203fb73717d3283209dcf05af265b14e78dbeaf82e20244abe69-filelists.xml.zst (expected: fe7931412901203fb73717d3283209dcf05af265b14e78dbeaf82e20244abe69 [sha256])
2025-12-26T14:49:05+0000 [14028] DEBUG [librepo] lr_checksum_fd_compare: Using mtime cached in xattr: [user.librepo.checksum.mtime] 1766760545896917990
2025-12-26T14:49:05+0000 [14028] DEBUG [librepo] lr_checksum_fd_compare: Using checksum cached in xattr: [user.librepo.checksum.sha256] fe7931412901203fb73717d3283209dcf05af265b14e78dbeaf82e20244abe69
2025-12-26T14:49:05+0000 [14028] DEBUG [librepo] lr_yum_check_checksum_of_md_record: Checksum check - Passed
2025-12-26T14:49:05+0000 [14028] DEBUG [librepo] lr_handle_perform: Restoring an old SIGINT handler
2025-12-26T14:49:05+0000 [14028] DEBUG Loading solv cache file: "/home/aidan/.cache/libdnf5/fedora-cisco-openh264-65b03c203277e378/solv/fedora-cisco-openh264.solv"
2025-12-26T14:49:05+0000 [14028] TRACE Cache file "/home/aidan/.cache/libdnf5/fedora-cisco-openh264-65b03c203277e378/solv/fedora-cisco-openh264-filelists.solvx" not found
2025-12-26T14:49:05+0000 [14028] DEBUG Loading filelists extension for repo "fedora-cisco-openh264" from "/home/aidan/.cache/libdnf5/fedora-cisco-openh264-65b03c203277e378/repodata/fe7931412901203fb73717d3283209dcf05af265b14e78dbeaf82e20244abe69-filelists.xml.zst"
2025-12-26T14:49:05+0000 [14028] TRACE Writing filelists extension cache for repo "fedora-cisco-openh264" to "/home/aidan/.cache/libdnf5/fedora-cisco-openh264-65b03c203277e378/solv/fedora-cisco-openh264-filelists.solvx.NDl5o8"
2025-12-26T14:49:05+0000 [14028] DEBUG No updateinfo metadata available for repo "fedora-cisco-openh264"
2025-12-26T14:49:05+0000 [14028] DEBUG No group metadata available for repo "fedora-cisco-openh264"
2025-12-26T14:49:05+0000 [14028] DEBUG No modules metadata available for repo fedora-cisco-openh264
2025-12-26T14:49:18+0000 [14028] DEBUG [librepo] Transfer finished: repodata/e7b8572deda56ec51c971068b49fb98338858b92fe0cfb160af1a1b68c364cb5-filelists.xml.zck (Effective url: https://fedora.mirrorservice.org/fedora/linux/updates/43/Everything/x86_64/repodata/e7b8572deda56ec51c971068b49fb98338858b92fe0cfb160af1a1b68c364cb5-filelists.xml.zck)
2025-12-26T14:49:18+0000 [14028] DEBUG [librepo] Checking checksum: 4: 1d75fd28cd7ad373c2dba8d887f11a7af5d911e1405b8be343d2fb401044ab3b
2025-12-26T14:49:18+0000 [14028] DEBUG [librepo] lr_zck_init_read: Found matching header in repodata/e7b8572deda56ec51c971068b49fb98338858b92fe0cfb160af1a1b68c364cb5-filelists.xml.zck
2025-12-26T14:49:18+0000 [14028] DEBUG [librepo] lr_handle_perform: Using dir: /home/aidan/.cache/libdnf5/updates-431245df5652aba0
2025-12-26T14:49:18+0000 [14028] DEBUG [librepo] lr_handle_perform: Using own SIGINT handler
2025-12-26T14:49:18+0000 [14028] DEBUG [librepo] lr_handle_prepare_internal_mirrorlist: Preparing internal mirrorlist
2025-12-26T14:49:18+0000 [14028] DEBUG [librepo] lr_handle_prepare_metalink: Local metalink.xml found at /home/aidan/.cache/libdnf5/updates-431245df5652aba0/metalink.xml
2025-12-26T14:49:18+0000 [14028] DEBUG [librepo] lr_handle_prepare_metalink: Parsing metalink.xml
2025-12-26T14:49:18+0000 [14028] DEBUG [librepo] lr_handle_prepare_metalink: Mirrors from metalink:
2025-12-26T14:49:18+0000 [14028] DEBUG [librepo]   https://fedora.mirrorservice.org/fedora/linux/updates/43/Everything/x86_64/repodata/repomd.xml
2025-12-26T14:49:18+0000 [14028] DEBUG [librepo]   http://fedora.mirrorservice.org/fedora/linux/updates/43/Everything/x86_64/repodata/repomd.xml
2025-12-26T14:49:18+0000 [14028] DEBUG [librepo]   rsync://rsync.mirrorservice.org/dl.fedoraproject.org/pub/fedora/linux/updates/43/Everything/x86_64/repodata/repomd.xml
2025-12-26T14:49:18+0000 [14028] DEBUG [librepo]   http://creeperhost.mm.fcix.net/fedora/linux/updates/43/Everything/x86_64/repodata/repomd.xml
2025-12-26T14:49:18+0000 [14028] DEBUG [librepo]   https://creeperhost.mm.fcix.net/fedora/linux/updates/43/Everything/x86_64/repodata/repomd.xml
2025-12-26T14:49:18+0000 [14028] DEBUG [librepo]   rsync://creeperhost.mm.fcix.net/fedora-enchilada/linux/updates/43/Everything/x86_64/repodata/repomd.xml
2025-12-26T14:49:18+0000 [14028] DEBUG [librepo]   https://ask4.mm.fcix.net/fedora/linux/updates/43/Everything/x86_64/repodata/repomd.xml
2025-12-26T14:49:18+0000 [14028] DEBUG [librepo]   http://ask4.mm.fcix.net/fedora/linux/updates/43/Everything/x86_64/repodata/repomd.xml
2025-12-26T14:49:18+0000 [14028] DEBUG [librepo]   rsync://ask4.mm.fcix.net/fedora-enchilada/linux/updates/43/Everything/x86_64/repodata/repomd.xml
2025-12-26T14:49:18+0000 [14028] DEBUG [librepo]   https://b4sh.mm.fcix.net/fedora/linux/updates/43/Everything/x86_64/repodata/repomd.xml
2025-12-26T14:49:18+0000 [14028] DEBUG [librepo]   http://b4sh.mm.fcix.net/fedora/linux/updates/43/Everything/x86_64/repodata/repomd.xml
2025-12-26T14:49:18+0000 [14028] DEBUG [librepo]   rsync://b4sh.mm.fcix.net/fedora-enchilada/linux/updates/43/Everything/x86_64/repodata/repomd.xml
2025-12-26T14:49:18+0000 [14028] DEBUG [librepo]   http://mirror.yandex.ru/fedora/linux/updates/43/Everything/x86_64/repodata/repomd.xml
2025-12-26T14:49:18+0000 [14028] DEBUG [librepo]   rsync://mirror.yandex.ru/fedora/linux/updates/43/Everything/x86_64/repodata/repomd.xml
2025-12-26T14:49:18+0000 [14028] DEBUG [librepo]   https://mirror.yandex.ru/fedora/linux/updates/43/Everything/x86_64/repodata/repomd.xml
2025-12-26T14:49:18+0000 [14028] DEBUG [librepo]   http://mirror.23m.com/fedora/linux/updates/43/Everything/x86_64/repodata/repomd.xml
2025-12-26T14:49:18+0000 [14028] DEBUG [librepo]   https://mirror.23m.com/fedora/linux/updates/43/Everything/x86_64/repodata/repomd.xml
2025-12-26T14:49:18+0000 [14028] DEBUG [librepo]   rsync://mirror.23m.com/fedora/linux/updates/43/Everything/x86_64/repodata/repomd.xml
2025-12-26T14:49:18+0000 [14028] DEBUG [librepo]   http://mirrors.chroot.ro/fedora/linux/updates/43/Everything/x86_64/repodata/repomd.xml
2025-12-26T14:49:18+0000 [14028] DEBUG [librepo]   https://eu.edge.kernel.org/fedora/updates/43/Everything/x86_64/repodata/repomd.xml
2025-12-26T14:49:18+0000 [14028] DEBUG [librepo]   http://fedora.ip-connect.info/linux/updates/43/Everything/x86_64/repodata/repomd.xml
2025-12-26T14:49:18+0000 [14028] DEBUG [librepo]   https://fedora.ip-connect.info/linux/updates/43/Everything/x86_64/repodata/repomd.xml
2025-12-26T14:49:18+0000 [14028] DEBUG [librepo]   rsync://fedora.ip-connect.info/fedora/linux/updates/43/Everything/x86_64/repodata/repomd.xml
2025-12-26T14:49:18+0000 [14028] DEBUG [librepo]   http://fedora.ipacct.com/fedora/linux/updates/43/Everything/x86_64/repodata/repomd.xml
2025-12-26T14:49:18+0000 [14028] DEBUG [librepo]   https://fedora.ipacct.com/fedora/linux/updates/43/Everything/x86_64/repodata/repomd.xml
2025-12-26T14:49:18+0000 [14028] DEBUG [librepo]   rsync://fedora.ipacct.com/fedora/linux/updates/43/Everything/x86_64/repodata/repomd.xml
2025-12-26T14:49:18+0000 [14028] DEBUG [librepo]   https://fedora.ip-connect.vn.ua/linux/updates/43/Everything/x86_64/repodata/repomd.xml
2025-12-26T14:49:18+0000 [14028] DEBUG [librepo]   rsync://fedora.ip-connect.vn.ua/fedora/linux/updates/43/Everything/x86_64/repodata/repomd.xml
2025-12-26T14:49:18+0000 [14028] DEBUG [librepo]   http://fedora.ip-connect.vn.ua/linux/updates/43/Everything/x86_64/repodata/repomd.xml
2025-12-26T14:49:18+0000 [14028] DEBUG [librepo]   rsync://mirror.karneval.cz/fedora/linux/updates/43/Everything/x86_64/repodata/repomd.xml
2025-12-26T14:49:18+0000 [14028] DEBUG [librepo]   https://mirror.karneval.cz/pub/linux/fedora/linux/updates/43/Everything/x86_64/repodata/repomd.xml
2025-12-26T14:49:18+0000 [14028] DEBUG [librepo]   rsync://mirror.i3d.net/fedora/linux/updates/43/Everything/x86_64/repodata/repomd.xml
2025-12-26T14:49:18+0000 [14028] DEBUG [librepo]   https://mirror.i3d.net/pub/fedora/linux/updates/43/Everything/x86_64/repodata/repomd.xml
2025-12-26T14:49:18+0000 [14028] DEBUG [librepo]   http://mirror.i3d.net/pub/fedora/linux/updates/43/Everything/x86_64/repodata/repomd.xml
2025-12-26T14:49:18+0000 [14028] DEBUG [librepo]   https://ftp.lysator.liu.se/pub/fedora/linux/updates/43/Everything/x86_64/repodata/repomd.xml
2025-12-26T14:49:18+0000 [14028] DEBUG [librepo]   http://ftp.lysator.liu.se/pub/fedora/linux/updates/43/Everything/x86_64/repodata/repomd.xml
2025-12-26T14:49:18+0000 [14028] DEBUG [librepo]   rsync://ftp.lysator.liu.se/pub/fedora/linux/updates/43/Everything/x86_64/repodata/repomd.xml
2025-12-26T14:49:18+0000 [14028] DEBUG [librepo]   rsync://ftp.uni-stuttgart.de/fedora/updates/43/Everything/x86_64/repodata/repomd.xml
2025-12-26T14:49:18+0000 [14028] DEBUG [librepo]   https://ftp.uni-stuttgart.de/fedora/updates/43/Everything/x86_64/repodata/repomd.xml
2025-12-26T14:49:18+0000 [14028] DEBUG [librepo]   http://ftp.uni-stuttgart.de/fedora/updates/43/Everything/x86_64/repodata/repomd.xml
2025-12-26T14:49:18+0000 [14028] DEBUG [librepo]   rsync://mirrors.dotsrc.org/fedora-enchilada/linux/updates/43/Everything/x86_64/repodata/repomd.xml
2025-12-26T14:49:18+0000 [14028] DEBUG [librepo]   http://mirrors.dotsrc.org/fedora-enchilada/linux/updates/43/Everything/x86_64/repodata/repomd.xml
2025-12-26T14:49:18+0000 [14028] DEBUG [librepo]   https://mirrors.dotsrc.org/fedora-enchilada/linux/updates/43/Everything/x86_64/repodata/repomd.xml
2025-12-26T14:49:18+0000 [14028] DEBUG [librepo]   https://ftp.upjs.sk/pub/fedora/linux/updates/43/Everything/x86_64/repodata/repomd.xml
2025-12-26T14:49:18+0000 [14028] DEBUG [librepo]   http://ftp.upjs.sk/pub/fedora/linux/updates/43/Everything/x86_64/repodata/repomd.xml
2025-12-26T14:49:18+0000 [14028] DEBUG [librepo]   rsync://ftp.upjs.sk/pub/fedora/linux/updates/43/Everything/x86_64/repodata/repomd.xml
2025-12-26T14:49:18+0000 [14028] DEBUG [librepo]   http://fedora.mirror.liteserver.nl/linux/updates/43/Everything/x86_64/repodata/repomd.xml
2025-12-26T14:49:18+0000 [14028] DEBUG [librepo]   rsync://mirror.liteserver.nl/fedora/linux/updates/43/Everything/x86_64/repodata/repomd.xml
2025-12-26T14:49:18+0000 [14028] DEBUG [librepo]   https://fedora.mirror.liteserver.nl/linux/updates/43/Everything/x86_64/repodata/repomd.xml
2025-12-26T14:49:18+0000 [14028] DEBUG [librepo]   http://mirror.bahnhof.net/pub/fedora/linux/updates/43/Everything/x86_64/repodata/repomd.xml
2025-12-26T14:49:18+0000 [14028] DEBUG [librepo]   https://mirror.bahnhof.net/pub/fedora/linux/updates/43/Everything/x86_64/repodata/repomd.xml
2025-12-26T14:49:18+0000 [14028] DEBUG [librepo]   http://ftp.uni-bayreuth.de/linux/fedora/linux/updates/43/Everything/x86_64/repodata/repomd.xml
2025-12-26T14:49:18+0000 [14028] DEBUG [librepo]   rsync://rsync.uni-bayreuth.de/fedora-enchilada/linux/updates/43/Everything/x86_64/repodata/repomd.xml
2025-12-26T14:49:18+0000 [14028] DEBUG [librepo]   https://mirrors.nxthost.com/fedora/updates/43/Everything/x86_64/repodata/repomd.xml
2025-12-26T14:49:18+0000 [14028] DEBUG [librepo]   http://mirrors.nxthost.com/fedora/updates/43/Everything/x86_64/repodata/repomd.xml
2025-12-26T14:49:18+0000 [14028] DEBUG [librepo]   rsync://mirrors.nxthost.com/fedora/updates/43/Everything/x86_64/repodata/repomd.xml
2025-12-26T14:49:18+0000 [14028] DEBUG [librepo]   https://mirror.plusline.net/fedora/linux/updates/43/Everything/x86_64/repodata/repomd.xml
2025-12-26T14:49:18+0000 [14028] DEBUG [librepo]   rsync://mirror.plusline.net/fedora/linux/updates/43/Everything/x86_64/repodata/repomd.xml
2025-12-26T14:49:18+0000 [14028] DEBUG [librepo]   http://mirror.plusline.net/fedora/linux/updates/43/Everything/x86_64/repodata/repomd.xml
2025-12-26T14:49:18+0000 [14028] DEBUG [librepo]   http://mirror.slu.cz/fedora/linux/updates/43/Everything/x86_64/repodata/repomd.xml
2025-12-26T14:49:18+0000 [14028] DEBUG [librepo]   rsync://mirror.slu.cz/fedora/linux/updates/43/Everything/x86_64/repodata/repomd.xml
2025-12-26T14:49:18+0000 [14028] DEBUG [librepo]   https://mirror.slu.cz/fedora/linux/updates/43/Everything/x86_64/repodata/repomd.xml
2025-12-26T14:49:18+0000 [14028] DEBUG [librepo]   http://ftp.fau.de/fedora/linux/updates/43/Everything/x86_64/repodata/repomd.xml
2025-12-26T14:49:18+0000 [14028] DEBUG [librepo]   https://ftp.fau.de/fedora/linux/updates/43/Everything/x86_64/repodata/repomd.xml
2025-12-26T14:49:18+0000 [14028] DEBUG [librepo]   rsync://ftp.fau.de/fedora/linux/updates/43/Everything/x86_64/repodata/repomd.xml
2025-12-26T14:49:18+0000 [14028] DEBUG [librepo]   https://ftp-stud.hs-esslingen.de/pub/fedora/linux/updates/43/Everything/x86_64/repodata/repomd.xml
2025-12-26T14:49:18+0000 [14028] DEBUG [librepo]   rsync://ftp-stud.hs-esslingen.de/fedora/linux/updates/43/Everything/x86_64/repodata/repomd.xml
2025-12-26T14:49:18+0000 [14028] DEBUG [librepo]   http://ftp-stud.hs-esslingen.de/pub/fedora/linux/updates/43/Everything/x86_64/repodata/repomd.xml
2025-12-26T14:49:18+0000 [14028] DEBUG [librepo]   https://mirrors.xtom.ee/fedora/updates/43/Everything/x86_64/repodata/repomd.xml
2025-12-26T14:49:18+0000 [14028] DEBUG [librepo]   rsync://mirrors.xtom.ee/fedora/updates/43/Everything/x86_64/repodata/repomd.xml
2025-12-26T14:49:18+0000 [14028] DEBUG [librepo]   http://mirrors.xtom.ee/fedora/updates/43/Everything/x86_64/repodata/repomd.xml
2025-12-26T14:49:18+0000 [14028] DEBUG [librepo]   http://mirror.in2p3.fr/pub/fedora/linux/updates/43/Everything/x86_64/repodata/repomd.xml
2025-12-26T14:49:18+0000 [14028] DEBUG [librepo]   rsync://mirror.in2p3.fr/pub/fedora/linux/updates/43/Everything/x86_64/repodata/repomd.xml
2025-12-26T14:49:18+0000 [14028] DEBUG [librepo]   https://mirror.in2p3.fr/pub/fedora/linux/updates/43/Everything/x86_64/repodata/repomd.xml
2025-12-26T14:49:18+0000 [14028] DEBUG [librepo]   https://mirrors.n-ix.net/fedora/linux/updates/43/Everything/x86_64/repodata/repomd.xml
2025-12-26T14:49:18+0000 [14028] DEBUG [librepo]   rsync://mirrors.n-ix.net/fedora/updates/43/Everything/x86_64/repodata/repomd.xml
2025-12-26T14:49:18+0000 [14028] DEBUG [librepo]   http://mirrors.n-ix.net/fedora/linux/updates/43/Everything/x86_64/repodata/repomd.xml
2025-12-26T14:49:18+0000 [14028] DEBUG [librepo]   http://ftp.sh.cvut.cz/fedora/linux/updates/43/Everything/x86_64/repodata/repomd.xml
2025-12-26T14:49:18+0000 [14028] DEBUG [librepo]   https://ftp.sh.cvut.cz/fedora/linux/updates/43/Everything/x86_64/repodata/repomd.xml
2025-12-26T14:49:18+0000 [14028] DEBUG [librepo]   rsync://ftp.sh.cvut.cz/fedora/linux/updates/43/Everything/x86_64/repodata/repomd.xml
2025-12-26T14:49:18+0000 [14028] DEBUG [librepo]   http://mirror.dogado.de/fedora/linux/updates/43/Everything/x86_64/repodata/repomd.xml
2025-12-26T14:49:18+0000 [14028] DEBUG [librepo]   https://mirror.dogado.de/fedora/linux/updates/43/Everything/x86_64/repodata/repomd.xml
2025-12-26T14:49:18+0000 [14028] DEBUG [librepo]   rsync://mirror.dogado.de/fedora/linux/updates/43/Everything/x86_64/repodata/repomd.xml
2025-12-26T14:49:18+0000 [14028] DEBUG [librepo]   rsync://mirror.nl.leaseweb.net/fedora/linux/updates/43/Everything/x86_64/repodata/repomd.xml
2025-12-26T14:49:18+0000 [14028] DEBUG [librepo]   http://mirror.nl.leaseweb.net/fedora/linux/updates/43/Everything/x86_64/repodata/repomd.xml
2025-12-26T14:49:18+0000 [14028] DEBUG [librepo]   rsync://mirror.netsite.dk/fedora/updates/43/Everything/x86_64/repodata/repomd.xml
2025-12-26T14:49:18+0000 [14028] DEBUG [librepo]   https://mirror.netsite.dk/fedora/linux/updates/43/Everything/x86_64/repodata/repomd.xml
2025-12-26T14:49:18+0000 [14028] DEBUG [librepo]   http://mirror.netsite.dk/fedora/linux/updates/43/Everything/x86_64/repodata/repomd.xml
2025-12-26T14:49:18+0000 [14028] DEBUG [librepo]   rsync://rsync.nic.funet.fi/ftp/pub/mirrors/fedora.redhat.com/pub/fedora/linux/updates/43/Everything/x86_64/repodata/repomd.xml
2025-12-26T14:49:18+0000 [14028] DEBUG [librepo]   http://www.nic.funet.fi/pub/mirrors/fedora.redhat.com/pub/fedora/linux/updates/43/Everything/x86_64/repodata/repomd.xml
2025-12-26T14:49:18+0000 [14028] DEBUG [librepo]   https://mirrors.xtom.de/fedora/updates/43/Everything/x86_64/repodata/repomd.xml
2025-12-26T14:49:18+0000 [14028] DEBUG [librepo]   http://mirrors.xtom.de/fedora/updates/43/Everything/x86_64/repodata/repomd.xml
2025-12-26T14:49:18+0000 [14028] DEBUG [librepo]   rsync://mirrors.xtom.de/fedora/updates/43/Everything/x86_64/repodata/repomd.xml
2025-12-26T14:49:18+0000 [14028] DEBUG [librepo]   https://fr2.rpmfind.net/linux/fedora/linux/updates/43/Everything/x86_64/repodata/repomd.xml
2025-12-26T14:49:18+0000 [14028] DEBUG [librepo]   http://fr2.rpmfind.net/linux/fedora/linux/updates/43/Everything/x86_64/repodata/repomd.xml
2025-12-26T14:49:18+0000 [14028] DEBUG [librepo]   rsync://fr2.rpmfind.net/linux/fedora/linux/updates/43/Everything/x86_64/repodata/repomd.xml
2025-12-26T14:49:18+0000 [14028] DEBUG [librepo]   rsync://fedora.tu-chemnitz.de/ftp/pub/linux/fedora/linux/updates/43/Everything/x86_64/repodata/repomd.xml
2025-12-26T14:49:18+0000 [14028] DEBUG [librepo]   http://fedora.tu-chemnitz.de/pub/linux/fedora/linux/updates/43/Everything/x86_64/repodata/repomd.xml
2025-12-26T14:49:18+0000 [14028] DEBUG [librepo]   rsync://distrib-coffee.ipsl.jussieu.fr/pub/linux/fedora/linux/updates/43/Everything/x86_64/repodata/repomd.xml
2025-12-26T14:49:18+0000 [14028] DEBUG [librepo]   http://distrib-coffee.ipsl.jussieu.fr/pub/linux/fedora/linux/updates/43/Everything/x86_64/repodata/repomd.xml
2025-12-26T14:49:18+0000 [14028] DEBUG [librepo]   rsync://fedora-mirror02.rbc.ru/fedora-enchilada/updates/43/Everything/x86_64/repodata/repomd.xml
2025-12-26T14:49:18+0000 [14028] DEBUG [librepo]   http://fedora-mirror02.rbc.ru/pub/fedora/linux/updates/43/Everything/x86_64/repodata/repomd.xml
2025-12-26T14:49:18+0000 [14028] DEBUG [librepo]   https://mirror.maeen.sa/fedora/updates/43/Everything/x86_64/repodata/repomd.xml
2025-12-26T14:49:18+0000 [14028] DEBUG [librepo]   http://mirror.maeen.sa/fedora/updates/43/Everything/x86_64/repodata/repomd.xml
2025-12-26T14:49:18+0000 [14028] DEBUG [librepo]   rsync://mirror.maeen.sa/fedora/updates/43/Everything/x86_64/repodata/repomd.xml
2025-12-26T14:49:18+0000 [14028] DEBUG [librepo]   https://mirror.imt-systems.com/fedora/linux/updates/43/Everything/x86_64/repodata/repomd.xml
2025-12-26T14:49:18+0000 [14028] DEBUG [librepo]   rsync://mirror.imt-systems.com/fedora/linux/updates/43/Everything/x86_64/repodata/repomd.xml
2025-12-26T14:49:18+0000 [14028] DEBUG [librepo]   http://mirror.imt-systems.com/fedora/linux/updates/43/Everything/x86_64/repodata/repomd.xml
2025-12-26T14:49:18+0000 [14028] DEBUG [librepo]   https://distrohub.kyiv.ua/fedora/fedora/linux/updates/43/Everything/x86_64/repodata/repomd.xml
2025-12-26T14:49:18+0000 [14028] DEBUG [librepo]   rsync://distrohub.kyiv.ua/fedora/fedora/linux/updates/43/Everything/x86_64/repodata/repomd.xml
2025-12-26T14:49:18+0000 [14028] DEBUG [librepo]   http://distrohub.kyiv.ua/fedora/fedora/linux/updates/43/Everything/x86_64/repodata/repomd.xml
2025-12-26T14:49:18+0000 [14028] DEBUG [librepo]   http://ftp.otenet.gr/linux/fedora/linux/updates/43/Everything/x86_64/repodata/repomd.xml
2025-12-26T14:49:18+0000 [14028] DEBUG [librepo] lr_handle_prepare_metalink: Metalink parsed
2025-12-26T14:49:18+0000 [14028] DEBUG [librepo] lr_handle_prepare_internal_mirrorlist: Finalizing internal mirrorlist
2025-12-26T14:49:18+0000 [14028] DEBUG [librepo] lr_handle_prepare_internal_mirrorlist: Finalizing mirrors reported via LRI_MIRRORS
2025-12-26T14:49:18+0000 [14028] DEBUG [librepo] lr_handle_perform: Downloading/Locating yum repo
2025-12-26T14:49:18+0000 [14028] DEBUG [librepo] lr_yum_use_local: Locating repo..
2025-12-26T14:49:18+0000 [14028] DEBUG [librepo] lr_yum_use_local_load_base: Found local metalink: /home/aidan/.cache/libdnf5/updates-431245df5652aba0/metalink.xml
2025-12-26T14:49:18+0000 [14028] DEBUG [librepo] lr_yum_use_local_load_base: Parsing repomd.xml
2025-12-26T14:49:18+0000 [14028] DEBUG [librepo] lr_yum_use_local_load_base: Repomd revision: 1766708413
2025-12-26T14:49:18+0000 [14028] DEBUG [librepo] Found primary_zck so using instead of primary
2025-12-26T14:49:18+0000 [14028] DEBUG [librepo] Found filelists_zck so using instead of filelists
2025-12-26T14:49:18+0000 [14028] DEBUG [librepo] Found updateinfo_zck so using instead of updateinfo
2025-12-26T14:49:18+0000 [14028] DEBUG [librepo] lr_yum_use_local: Repository was successfully located
2025-12-26T14:49:18+0000 [14028] DEBUG [librepo] lr_yum_check_checksum_of_md_record: Checking checksum of /home/aidan/.cache/libdnf5/updates-431245df5652aba0/repodata/f570116596bfede3bcba9624346ca9fa6f99136cf4367f42e8fbaca33b231295-primary.xml.zck (expected: d1e71a8694055516464d1a4a271c7ef388b74565bce91fa52ef26662d6ce80e1 [sha256])
2025-12-26T14:49:18+0000 [14028] DEBUG [librepo] lr_yum_check_checksum_of_md_record: Checksum check - Passed
2025-12-26T14:49:18+0000 [14028] DEBUG [librepo] lr_yum_check_checksum_of_md_record: Checking checksum of /home/aidan/.cache/libdnf5/updates-431245df5652aba0/repodata/e7b8572deda56ec51c971068b49fb98338858b92fe0cfb160af1a1b68c364cb5-filelists.xml.zck (expected: 1d75fd28cd7ad373c2dba8d887f11a7af5d911e1405b8be343d2fb401044ab3b [sha256])
2025-12-26T14:49:18+0000 [14028] DEBUG [librepo] lr_yum_check_checksum_of_md_record: Checksum check - Passed
2025-12-26T14:49:18+0000 [14028] DEBUG [librepo] lr_yum_check_checksum_of_md_record: Checking checksum of /home/aidan/.cache/libdnf5/updates-431245df5652aba0/repodata/fcc4f66c721f96d1a63d6796325098fad52edf9af9ac66b9a1ff22ce4c72d78b-comps-Everything.x86_64.xml.zst (expected: fcc4f66c721f96d1a63d6796325098fad52edf9af9ac66b9a1ff22ce4c72d78b [sha256])
2025-12-26T14:49:18+0000 [14028] DEBUG [librepo] lr_checksum_fd_compare: Using mtime cached in xattr: [user.librepo.checksum.mtime] 1766760544480924913
2025-12-26T14:49:18+0000 [14028] DEBUG [librepo] lr_checksum_fd_compare: Using checksum cached in xattr: [user.librepo.checksum.sha256] fcc4f66c721f96d1a63d6796325098fad52edf9af9ac66b9a1ff22ce4c72d78b
2025-12-26T14:49:18+0000 [14028] DEBUG [librepo] lr_yum_check_checksum_of_md_record: Checksum check - Passed
2025-12-26T14:49:18+0000 [14028] DEBUG [librepo] lr_yum_check_checksum_of_md_record: Checking checksum of /home/aidan/.cache/libdnf5/updates-431245df5652aba0/repodata/0b4bb40b492321727906351c863cfa4df272b68769885e0a1aebda9546e78cb9-updateinfo.xml.zck (expected: a5dad1c686e82203b35a28d83343d184030036022c022749389208f1dbf6b525 [sha256])
2025-12-26T14:49:18+0000 [14028] DEBUG [librepo] lr_yum_check_checksum_of_md_record: Checksum check - Passed
2025-12-26T14:49:18+0000 [14028] DEBUG [librepo] lr_handle_perform: Restoring an old SIGINT handler
2025-12-26T14:49:18+0000 [14028] DEBUG Loading solv cache file: "/home/aidan/.cache/libdnf5/updates-431245df5652aba0/solv/updates.solv"
2025-12-26T14:49:19+0000 [14028] TRACE Cache file "/home/aidan/.cache/libdnf5/updates-431245df5652aba0/solv/updates-filelists.solvx" not found
2025-12-26T14:49:19+0000 [14028] DEBUG Loading filelists extension for repo "updates" from "/home/aidan/.cache/libdnf5/updates-431245df5652aba0/repodata/e7b8572deda56ec51c971068b49fb98338858b92fe0cfb160af1a1b68c364cb5-filelists.xml.zck"
2025-12-26T14:49:22+0000 [14028] TRACE Writing filelists extension cache for repo "updates" to "/home/aidan/.cache/libdnf5/updates-431245df5652aba0/solv/updates-filelists.solvx.FPxzQM"
2025-12-26T14:49:24+0000 [14028] DEBUG Loading solv cache file: "/home/aidan/.cache/libdnf5/updates-431245df5652aba0/solv/updates-updateinfo.solvx"
2025-12-26T14:49:24+0000 [14028] DEBUG Loading solv cache file: "/home/aidan/.cache/libdnf5/updates-431245df5652aba0/solv/updates-group.solvx"
2025-12-26T14:49:24+0000 [14028] DEBUG No modules metadata available for repo updates
2025-12-26T14:49:57+0000 [14028] DEBUG [librepo] Transfer finished: repodata/d98386eee3b666157656ac39450d1abad187bb47557d23cd6b199a0a4dbd9c5e-filelists.xml.zck (Effective url: https://fedora.mirrorservice.org/fedora/linux/releases/43/Everything/x86_64/os/repodata/d98386eee3b666157656ac39450d1abad187bb47557d23cd6b199a0a4dbd9c5e-filelists.xml.zck)
2025-12-26T14:49:57+0000 [14028] DEBUG [librepo] Checking checksum: 4: 57c87a4db66ffb321e1cdb176fbf9ed8a31d32382f18c9a06cd959beb00d4500
2025-12-26T14:49:57+0000 [14028] DEBUG [librepo] lr_zck_init_read: Found matching header in repodata/d98386eee3b666157656ac39450d1abad187bb47557d23cd6b199a0a4dbd9c5e-filelists.xml.zck
2025-12-26T14:49:57+0000 [14028] DEBUG [librepo] lr_handle_perform: Using dir: /home/aidan/.cache/libdnf5/fedora-fe4b228be7d3c150
2025-12-26T14:49:57+0000 [14028] DEBUG [librepo] lr_handle_perform: Using own SIGINT handler
2025-12-26T14:49:57+0000 [14028] DEBUG [librepo] lr_handle_prepare_internal_mirrorlist: Preparing internal mirrorlist
2025-12-26T14:49:57+0000 [14028] DEBUG [librepo] lr_handle_prepare_metalink: Local metalink.xml found at /home/aidan/.cache/libdnf5/fedora-fe4b228be7d3c150/metalink.xml
2025-12-26T14:49:57+0000 [14028] DEBUG [librepo] lr_handle_prepare_metalink: Parsing metalink.xml
2025-12-26T14:49:57+0000 [14028] DEBUG [librepo] lr_handle_prepare_metalink: Mirrors from metalink:
2025-12-26T14:49:57+0000 [14028] DEBUG [librepo]   https://fedora.mirrorservice.org/fedora/linux/releases/43/Everything/x86_64/os/repodata/repomd.xml
2025-12-26T14:49:57+0000 [14028] DEBUG [librepo]   http://fedora.mirrorservice.org/fedora/linux/releases/43/Everything/x86_64/os/repodata/repomd.xml
2025-12-26T14:49:57+0000 [14028] DEBUG [librepo]   rsync://rsync.mirrorservice.org/dl.fedoraproject.org/pub/fedora/linux/releases/43/Everything/x86_64/os/repodata/repomd.xml
2025-12-26T14:49:57+0000 [14028] DEBUG [librepo]   https://ask4.mm.fcix.net/fedora/linux/releases/43/Everything/x86_64/os/repodata/repomd.xml
2025-12-26T14:49:57+0000 [14028] DEBUG [librepo]   http://ask4.mm.fcix.net/fedora/linux/releases/43/Everything/x86_64/os/repodata/repomd.xml
2025-12-26T14:49:57+0000 [14028] DEBUG [librepo]   rsync://ask4.mm.fcix.net/fedora-enchilada/linux/releases/43/Everything/x86_64/os/repodata/repomd.xml
2025-12-26T14:49:57+0000 [14028] DEBUG [librepo]   http://creeperhost.mm.fcix.net/fedora/linux/releases/43/Everything/x86_64/os/repodata/repomd.xml
2025-12-26T14:49:57+0000 [14028] DEBUG [librepo]   https://creeperhost.mm.fcix.net/fedora/linux/releases/43/Everything/x86_64/os/repodata/repomd.xml
2025-12-26T14:49:57+0000 [14028] DEBUG [librepo]   rsync://creeperhost.mm.fcix.net/fedora-enchilada/linux/releases/43/Everything/x86_64/os/repodata/repomd.xml
2025-12-26T14:49:57+0000 [14028] DEBUG [librepo]   https://b4sh.mm.fcix.net/fedora/linux/releases/43/Everything/x86_64/os/repodata/repomd.xml
2025-12-26T14:49:57+0000 [14028] DEBUG [librepo]   http://b4sh.mm.fcix.net/fedora/linux/releases/43/Everything/x86_64/os/repodata/repomd.xml
2025-12-26T14:49:57+0000 [14028] DEBUG [librepo]   rsync://b4sh.mm.fcix.net/fedora-enchilada/linux/releases/43/Everything/x86_64/os/repodata/repomd.xml
2025-12-26T14:49:57+0000 [14028] DEBUG [librepo]   rsync://mirror.karneval.cz/fedora/linux/releases/43/Everything/x86_64/os/repodata/repomd.xml
2025-12-26T14:49:57+0000 [14028] DEBUG [librepo]   https://mirror.karneval.cz/pub/linux/fedora/linux/releases/43/Everything/x86_64/os/repodata/repomd.xml
2025-12-26T14:49:57+0000 [14028] DEBUG [librepo]   http://mirror.accum.se/mirror/fedora/linux/releases/43/Everything/x86_64/os/repodata/repomd.xml
2025-12-26T14:49:57+0000 [14028] DEBUG [librepo]   rsync://mirror.accum.se/mirror/fedora/linux/releases/43/Everything/x86_64/os/repodata/repomd.xml
2025-12-26T14:49:57+0000 [14028] DEBUG [librepo]   https://mirror.accum.se/mirror/fedora/linux/releases/43/Everything/x86_64/os/repodata/repomd.xml
2025-12-26T14:49:57+0000 [14028] DEBUG [librepo]   http://mirror.bahnhof.net/pub/fedora/linux/releases/43/Everything/x86_64/os/repodata/repomd.xml
2025-12-26T14:49:57+0000 [14028] DEBUG [librepo]   https://mirror.bahnhof.net/pub/fedora/linux/releases/43/Everything/x86_64/os/repodata/repomd.xml
2025-12-26T14:49:57+0000 [14028] DEBUG [librepo]   rsync://mirror.i3d.net/fedora/linux/releases/43/Everything/x86_64/os/repodata/repomd.xml
2025-12-26T14:49:57+0000 [14028] DEBUG [librepo]   https://mirror.i3d.net/pub/fedora/linux/releases/43/Everything/x86_64/os/repodata/repomd.xml
2025-12-26T14:49:57+0000 [14028] DEBUG [librepo]   http://mirror.i3d.net/pub/fedora/linux/releases/43/Everything/x86_64/os/repodata/repomd.xml
2025-12-26T14:49:57+0000 [14028] DEBUG [librepo]   rsync://ftp.uni-stuttgart.de/fedora/releases/43/Everything/x86_64/os/repodata/repomd.xml
2025-12-26T14:49:57+0000 [14028] DEBUG [librepo]   https://ftp.uni-stuttgart.de/fedora/releases/43/Everything/x86_64/os/repodata/repomd.xml
2025-12-26T14:49:57+0000 [14028] DEBUG [librepo]   http://ftp.uni-stuttgart.de/fedora/releases/43/Everything/x86_64/os/repodata/repomd.xml
2025-12-26T14:49:57+0000 [14028] DEBUG [librepo]   http://mirror.yandex.ru/fedora/linux/releases/43/Everything/x86_64/os/repodata/repomd.xml
2025-12-26T14:49:57+0000 [14028] DEBUG [librepo]   rsync://mirror.yandex.ru/fedora/linux/releases/43/Everything/x86_64/os/repodata/repomd.xml
2025-12-26T14:49:57+0000 [14028] DEBUG [librepo]   https://mirror.yandex.ru/fedora/linux/releases/43/Everything/x86_64/os/repodata/repomd.xml
2025-12-26T14:49:57+0000 [14028] DEBUG [librepo]   https://fedora.ip-connect.vn.ua/linux/releases/43/Everything/x86_64/os/repodata/repomd.xml
2025-12-26T14:49:57+0000 [14028] DEBUG [librepo]   rsync://fedora.ip-connect.vn.ua/fedora/linux/releases/43/Everything/x86_64/os/repodata/repomd.xml
2025-12-26T14:49:57+0000 [14028] DEBUG [librepo]   http://fedora.ip-connect.vn.ua/linux/releases/43/Everything/x86_64/os/repodata/repomd.xml
2025-12-26T14:49:57+0000 [14028] DEBUG [librepo]   https://mirrors.nxthost.com/fedora/releases/43/Everything/x86_64/os/repodata/repomd.xml
2025-12-26T14:49:57+0000 [14028] DEBUG [librepo]   http://mirrors.nxthost.com/fedora/releases/43/Everything/x86_64/os/repodata/repomd.xml
2025-12-26T14:49:57+0000 [14028] DEBUG [librepo]   rsync://mirrors.nxthost.com/fedora/releases/43/Everything/x86_64/os/repodata/repomd.xml
2025-12-26T14:49:57+0000 [14028] DEBUG [librepo]   https://mirrors.n-ix.net/fedora/linux/releases/43/Everything/x86_64/os/repodata/repomd.xml
2025-12-26T14:49:57+0000 [14028] DEBUG [librepo]   rsync://mirrors.n-ix.net/fedora/releases/43/Everything/x86_64/os/repodata/repomd.xml
2025-12-26T14:49:57+0000 [14028] DEBUG [librepo]   http://mirrors.n-ix.net/fedora/linux/releases/43/Everything/x86_64/os/repodata/repomd.xml
2025-12-26T14:49:57+0000 [14028] DEBUG [librepo]   http://fedora.ip-connect.info/linux/releases/43/Everything/x86_64/os/repodata/repomd.xml
2025-12-26T14:49:57+0000 [14028] DEBUG [librepo]   https://fedora.ip-connect.info/linux/releases/43/Everything/x86_64/os/repodata/repomd.xml
2025-12-26T14:49:57+0000 [14028] DEBUG [librepo]   rsync://fedora.ip-connect.info/fedora/linux/releases/43/Everything/x86_64/os/repodata/repomd.xml
2025-12-26T14:49:57+0000 [14028] DEBUG [librepo]   http://mirror.dogado.de/fedora/linux/releases/43/Everything/x86_64/os/repodata/repomd.xml
2025-12-26T14:49:57+0000 [14028] DEBUG [librepo]   https://mirror.dogado.de/fedora/linux/releases/43/Everything/x86_64/os/repodata/repomd.xml
2025-12-26T14:49:57+0000 [14028] DEBUG [librepo]   rsync://mirror.dogado.de/fedora/linux/releases/43/Everything/x86_64/os/repodata/repomd.xml
2025-12-26T14:49:57+0000 [14028] DEBUG [librepo]   https://fr2.rpmfind.net/linux/fedora/linux/releases/43/Everything/x86_64/os/repodata/repomd.xml
2025-12-26T14:49:57+0000 [14028] DEBUG [librepo]   http://fr2.rpmfind.net/linux/fedora/linux/releases/43/Everything/x86_64/os/repodata/repomd.xml
2025-12-26T14:49:57+0000 [14028] DEBUG [librepo]   rsync://fr2.rpmfind.net/linux/fedora/linux/releases/43/Everything/x86_64/os/repodata/repomd.xml
2025-12-26T14:49:57+0000 [14028] DEBUG [librepo]   http://ftp.fau.de/fedora/linux/releases/43/Everything/x86_64/os/repodata/repomd.xml
2025-12-26T14:49:57+0000 [14028] DEBUG [librepo]   https://ftp.fau.de/fedora/linux/releases/43/Everything/x86_64/os/repodata/repomd.xml
2025-12-26T14:49:57+0000 [14028] DEBUG [librepo]   rsync://ftp.fau.de/fedora/linux/releases/43/Everything/x86_64/os/repodata/repomd.xml
2025-12-26T14:49:57+0000 [14028] DEBUG [librepo]   http://fedora.mirror.root.lu/releases/43/Everything/x86_64/os/repodata/repomd.xml
2025-12-26T14:49:57+0000 [14028] DEBUG [librepo]   rsync://fedora.tu-chemnitz.de/ftp/pub/linux/fedora/linux/releases/43/Everything/x86_64/os/repodata/repomd.xml
2025-12-26T14:49:57+0000 [14028] DEBUG [librepo]   http://fedora.tu-chemnitz.de/pub/linux/fedora/linux/releases/43/Everything/x86_64/os/repodata/repomd.xml
2025-12-26T14:49:57+0000 [14028] DEBUG [librepo]   https://eu.edge.kernel.org/fedora/releases/43/Everything/x86_64/os/repodata/repomd.xml
2025-12-26T14:49:57+0000 [14028] DEBUG [librepo]   rsync://mirror.netsite.dk/fedora/releases/43/Everything/x86_64/os/repodata/repomd.xml
2025-12-26T14:49:57+0000 [14028] DEBUG [librepo]   https://mirror.netsite.dk/fedora/linux/releases/43/Everything/x86_64/os/repodata/repomd.xml
2025-12-26T14:49:57+0000 [14028] DEBUG [librepo]   http://mirror.netsite.dk/fedora/linux/releases/43/Everything/x86_64/os/repodata/repomd.xml
2025-12-26T14:49:57+0000 [14028] DEBUG [librepo]   http://mirror.telepoint.bg/fedora/releases/43/Everything/x86_64/os/repodata/repomd.xml
2025-12-26T14:49:57+0000 [14028] DEBUG [librepo]   rsync://mirror.telepoint.bg/fedora/releases/43/Everything/x86_64/os/repodata/repomd.xml
2025-12-26T14:49:57+0000 [14028] DEBUG [librepo]   https://mirror.telepoint.bg/fedora/releases/43/Everything/x86_64/os/repodata/repomd.xml
2025-12-26T14:49:57+0000 [14028] DEBUG [librepo]   http://ftp.uni-bayreuth.de/linux/fedora/linux/releases/43/Everything/x86_64/os/repodata/repomd.xml
2025-12-26T14:49:57+0000 [14028] DEBUG [librepo]   rsync://rsync.uni-bayreuth.de/fedora-enchilada/linux/releases/43/Everything/x86_64/os/repodata/repomd.xml
2025-12-26T14:49:57+0000 [14028] DEBUG [librepo]   http://mirror.netzwerge.de/fedora/linux/releases/43/Everything/x86_64/os/repodata/repomd.xml
2025-12-26T14:49:57+0000 [14028] DEBUG [librepo]   https://mirror.netzwerge.de/fedora/linux/releases/43/Everything/x86_64/os/repodata/repomd.xml
2025-12-26T14:49:57+0000 [14028] DEBUG [librepo]   rsync://mirror.netzwerge.de/fedora/linux/releases/43/Everything/x86_64/os/repodata/repomd.xml
2025-12-26T14:49:57+0000 [14028] DEBUG [librepo]   http://mirror.slu.cz/fedora/linux/releases/43/Everything/x86_64/os/repodata/repomd.xml
2025-12-26T14:49:57+0000 [14028] DEBUG [librepo]   rsync://mirror.slu.cz/fedora/linux/releases/43/Everything/x86_64/os/repodata/repomd.xml
2025-12-26T14:49:57+0000 [14028] DEBUG [librepo]   https://mirror.slu.cz/fedora/linux/releases/43/Everything/x86_64/os/repodata/repomd.xml
2025-12-26T14:49:57+0000 [14028] DEBUG [librepo]   https://ftp.lysator.liu.se/pub/fedora/linux/releases/43/Everything/x86_64/os/repodata/repomd.xml
2025-12-26T14:49:57+0000 [14028] DEBUG [librepo]   http://ftp.lysator.liu.se/pub/fedora/linux/releases/43/Everything/x86_64/os/repodata/repomd.xml
2025-12-26T14:49:57+0000 [14028] DEBUG [librepo]   rsync://ftp.lysator.liu.se/pub/fedora/linux/releases/43/Everything/x86_64/os/repodata/repomd.xml
2025-12-26T14:49:57+0000 [14028] DEBUG [librepo]   http://mirror.in2p3.fr/pub/fedora/linux/releases/43/Everything/x86_64/os/repodata/repomd.xml
2025-12-26T14:49:57+0000 [14028] DEBUG [librepo]   rsync://mirror.in2p3.fr/pub/fedora/linux/releases/43/Everything/x86_64/os/repodata/repomd.xml
2025-12-26T14:49:57+0000 [14028] DEBUG [librepo]   https://mirror.in2p3.fr/pub/fedora/linux/releases/43/Everything/x86_64/os/repodata/repomd.xml
2025-12-26T14:49:57+0000 [14028] DEBUG [librepo]   https://mirrors.xtom.de/fedora/releases/43/Everything/x86_64/os/repodata/repomd.xml
2025-12-26T14:49:57+0000 [14028] DEBUG [librepo]   http://mirrors.xtom.de/fedora/releases/43/Everything/x86_64/os/repodata/repomd.xml
2025-12-26T14:49:57+0000 [14028] DEBUG [librepo]   rsync://mirrors.xtom.de/fedora/releases/43/Everything/x86_64/os/repodata/repomd.xml
2025-12-26T14:49:57+0000 [14028] DEBUG [librepo]   http://mirror.23m.com/fedora/linux/releases/43/Everything/x86_64/os/repodata/repomd.xml
2025-12-26T14:49:57+0000 [14028] DEBUG [librepo]   https://mirror.23m.com/fedora/linux/releases/43/Everything/x86_64/os/repodata/repomd.xml
2025-12-26T14:49:57+0000 [14028] DEBUG [librepo]   rsync://mirror.23m.com/fedora/linux/releases/43/Everything/x86_64/os/repodata/repomd.xml
2025-12-26T14:49:57+0000 [14028] DEBUG [librepo]   https://www.fedora.is/fedora/releases/43/Everything/x86_64/os/repodata/repomd.xml
2025-12-26T14:49:57+0000 [14028] DEBUG [librepo]   http://www.fedora.is/fedora/releases/43/Everything/x86_64/os/repodata/repomd.xml
2025-12-26T14:49:57+0000 [14028] DEBUG [librepo]   rsync://www.fedora.is/fedora/releases/43/Everything/x86_64/os/repodata/repomd.xml
2025-12-26T14:49:57+0000 [14028] DEBUG [librepo]   rsync://rsync.nic.funet.fi/ftp/pub/mirrors/fedora.redhat.com/pub/fedora/linux/releases/43/Everything/x86_64/os/repodata/repomd.xml
2025-12-26T14:49:57+0000 [14028] DEBUG [librepo]   http://www.nic.funet.fi/pub/mirrors/fedora.redhat.com/pub/fedora/linux/releases/43/Everything/x86_64/os/repodata/repomd.xml
2025-12-26T14:49:57+0000 [14028] DEBUG [librepo]   rsync://mirrors.dotsrc.org/fedora-enchilada/linux/releases/43/Everything/x86_64/os/repodata/repomd.xml
2025-12-26T14:49:57+0000 [14028] DEBUG [librepo]   http://mirrors.dotsrc.org/fedora-enchilada/linux/releases/43/Everything/x86_64/os/repodata/repomd.xml
2025-12-26T14:49:57+0000 [14028] DEBUG [librepo]   https://mirrors.dotsrc.org/fedora-enchilada/linux/releases/43/Everything/x86_64/os/repodata/repomd.xml
2025-12-26T14:49:57+0000 [14028] DEBUG [librepo]   https://mirror.init7.net/fedora/fedora/linux/releases/43/Everything/x86_64/os/repodata/repomd.xml
2025-12-26T14:49:57+0000 [14028] DEBUG [librepo]   http://mirror.init7.net/fedora/fedora/linux/releases/43/Everything/x86_64/os/repodata/repomd.xml
2025-12-26T14:49:57+0000 [14028] DEBUG [librepo]   https://ftp.upjs.sk/pub/fedora/linux/releases/43/Everything/x86_64/os/repodata/repomd.xml
2025-12-26T14:49:57+0000 [14028] DEBUG [librepo]   http://ftp.upjs.sk/pub/fedora/linux/releases/43/Everything/x86_64/os/repodata/repomd.xml
2025-12-26T14:49:57+0000 [14028] DEBUG [librepo]   rsync://ftp.upjs.sk/pub/fedora/linux/releases/43/Everything/x86_64/os/repodata/repomd.xml
2025-12-26T14:49:57+0000 [14028] DEBUG [librepo]   https://mirrors.xtom.ee/fedora/releases/43/Everything/x86_64/os/repodata/repomd.xml
2025-12-26T14:49:57+0000 [14028] DEBUG [librepo]   rsync://mirrors.xtom.ee/fedora/releases/43/Everything/x86_64/os/repodata/repomd.xml
2025-12-26T14:49:57+0000 [14028] DEBUG [librepo]   http://mirrors.xtom.ee/fedora/releases/43/Everything/x86_64/os/repodata/repomd.xml
2025-12-26T14:49:57+0000 [14028] DEBUG [librepo]   rsync://mirror.nl.leaseweb.net/fedora/linux/releases/43/Everything/x86_64/os/repodata/repomd.xml
2025-12-26T14:49:57+0000 [14028] DEBUG [librepo]   http://mirror.nl.leaseweb.net/fedora/linux/releases/43/Everything/x86_64/os/repodata/repomd.xml
2025-12-26T14:49:57+0000 [14028] DEBUG [librepo]   http://fedora.mirror.liteserver.nl/linux/releases/43/Everything/x86_64/os/repodata/repomd.xml
2025-12-26T14:49:57+0000 [14028] DEBUG [librepo]   rsync://mirror.liteserver.nl/fedora/linux/releases/43/Everything/x86_64/os/repodata/repomd.xml
2025-12-26T14:49:57+0000 [14028] DEBUG [librepo]   https://fedora.mirror.liteserver.nl/linux/releases/43/Everything/x86_64/os/repodata/repomd.xml
2025-12-26T14:49:57+0000 [14028] DEBUG [librepo]   https://mirror.plusline.net/fedora/linux/releases/43/Everything/x86_64/os/repodata/repomd.xml
2025-12-26T14:49:57+0000 [14028] DEBUG [librepo]   rsync://mirror.plusline.net/fedora/linux/releases/43/Everything/x86_64/os/repodata/repomd.xml
2025-12-26T14:49:57+0000 [14028] DEBUG [librepo]   http://mirror.plusline.net/fedora/linux/releases/43/Everything/x86_64/os/repodata/repomd.xml
2025-12-26T14:49:57+0000 [14028] DEBUG [librepo]   http://ftp.sh.cvut.cz/fedora/linux/releases/43/Everything/x86_64/os/repodata/repomd.xml
2025-12-26T14:49:57+0000 [14028] DEBUG [librepo]   https://ftp.sh.cvut.cz/fedora/linux/releases/43/Everything/x86_64/os/repodata/repomd.xml
2025-12-26T14:49:57+0000 [14028] DEBUG [librepo]   rsync://ftp.sh.cvut.cz/fedora/linux/releases/43/Everything/x86_64/os/repodata/repomd.xml
2025-12-26T14:49:57+0000 [14028] DEBUG [librepo]   https://ftp-stud.hs-esslingen.de/pub/fedora/linux/releases/43/Everything/x86_64/os/repodata/repomd.xml
2025-12-26T14:49:57+0000 [14028] DEBUG [librepo]   rsync://ftp-stud.hs-esslingen.de/fedora/linux/releases/43/Everything/x86_64/os/repodata/repomd.xml
2025-12-26T14:49:57+0000 [14028] DEBUG [librepo]   http://ftp-stud.hs-esslingen.de/pub/fedora/linux/releases/43/Everything/x86_64/os/repodata/repomd.xml
2025-12-26T14:49:57+0000 [14028] DEBUG [librepo]   http://fedora.ipacct.com/fedora/linux/releases/43/Everything/x86_64/os/repodata/repomd.xml
2025-12-26T14:49:57+0000 [14028] DEBUG [librepo]   https://fedora.ipacct.com/fedora/linux/releases/43/Everything/x86_64/os/repodata/repomd.xml
2025-12-26T14:49:57+0000 [14028] DEBUG [librepo]   rsync://fedora.ipacct.com/fedora/linux/releases/43/Everything/x86_64/os/repodata/repomd.xml
2025-12-26T14:49:57+0000 [14028] DEBUG [librepo]   http://ftp.cica.es/fedora/linux/releases/43/Everything/x86_64/os/repodata/repomd.xml
2025-12-26T14:49:57+0000 [14028] DEBUG [librepo]   rsync://rsync.cica.es/fedora-linux/releases/43/Everything/x86_64/os/repodata/repomd.xml
2025-12-26T14:49:57+0000 [14028] DEBUG [librepo]   rsync://distrib-coffee.ipsl.jussieu.fr/pub/linux/fedora/linux/releases/43/Everything/x86_64/os/repodata/repomd.xml
2025-12-26T14:49:57+0000 [14028] DEBUG [librepo]   http://distrib-coffee.ipsl.jussieu.fr/pub/linux/fedora/linux/releases/43/Everything/x86_64/os/repodata/repomd.xml
2025-12-26T14:49:57+0000 [14028] DEBUG [librepo]   https://mirror.maeen.sa/fedora/releases/43/Everything/x86_64/os/repodata/repomd.xml
2025-12-26T14:49:57+0000 [14028] DEBUG [librepo]   http://mirror.maeen.sa/fedora/releases/43/Everything/x86_64/os/repodata/repomd.xml
2025-12-26T14:49:57+0000 [14028] DEBUG [librepo]   rsync://mirror.maeen.sa/fedora/releases/43/Everything/x86_64/os/repodata/repomd.xml
2025-12-26T14:49:57+0000 [14028] DEBUG [librepo]   http://mirrors.ircam.fr/pub/fedora/linux/releases/43/Everything/x86_64/os/repodata/repomd.xml
2025-12-26T14:49:57+0000 [14028] DEBUG [librepo]   rsync://mirrors.ircam.fr/fedora-linux/releases/43/Everything/x86_64/os/repodata/repomd.xml
2025-12-26T14:49:57+0000 [14028] DEBUG [librepo]   https://mirrors.ircam.fr/pub/fedora/linux/releases/43/Everything/x86_64/os/repodata/repomd.xml
2025-12-26T14:49:57+0000 [14028] DEBUG [librepo]   https://mirror.imt-systems.com/fedora/linux/releases/43/Everything/x86_64/os/repodata/repomd.xml
2025-12-26T14:49:57+0000 [14028] DEBUG [librepo]   rsync://mirror.imt-systems.com/fedora/linux/releases/43/Everything/x86_64/os/repodata/repomd.xml
2025-12-26T14:49:57+0000 [14028] DEBUG [librepo]   http://mirror.imt-systems.com/fedora/linux/releases/43/Everything/x86_64/os/repodata/repomd.xml
2025-12-26T14:49:57+0000 [14028] DEBUG [librepo]   http://mirror.etf.bg.ac.rs/fedora/releases/43/Everything/x86_64/os/repodata/repomd.xml
2025-12-26T14:49:57+0000 [14028] DEBUG [librepo]   rsync://fedora-mirror02.rbc.ru/fedora-enchilada/releases/43/Everything/x86_64/os/repodata/repomd.xml
2025-12-26T14:49:57+0000 [14028] DEBUG [librepo]   http://fedora-mirror02.rbc.ru/pub/fedora/linux/releases/43/Everything/x86_64/os/repodata/repomd.xml
2025-12-26T14:49:57+0000 [14028] DEBUG [librepo]   https://distrohub.kyiv.ua/fedora/fedora/linux/releases/43/Everything/x86_64/os/repodata/repomd.xml
2025-12-26T14:49:57+0000 [14028] DEBUG [librepo]   rsync://distrohub.kyiv.ua/fedora/fedora/linux/releases/43/Everything/x86_64/os/repodata/repomd.xml
2025-12-26T14:49:57+0000 [14028] DEBUG [librepo]   http://distrohub.kyiv.ua/fedora/fedora/linux/releases/43/Everything/x86_64/os/repodata/repomd.xml
2025-12-26T14:49:57+0000 [14028] DEBUG [librepo]   http://mirrors.chroot.ro/fedora/linux/releases/43/Everything/x86_64/os/repodata/repomd.xml
2025-12-26T14:49:57+0000 [14028] DEBUG [librepo]   http://ftp.otenet.gr/linux/fedora/linux/releases/43/Everything/x86_64/os/repodata/repomd.xml
2025-12-26T14:49:57+0000 [14028] DEBUG [librepo] lr_handle_prepare_metalink: Metalink parsed
2025-12-26T14:49:57+0000 [14028] DEBUG [librepo] lr_handle_prepare_internal_mirrorlist: Finalizing internal mirrorlist
2025-12-26T14:49:57+0000 [14028] DEBUG [librepo] lr_handle_prepare_internal_mirrorlist: Finalizing mirrors reported via LRI_MIRRORS
2025-12-26T14:49:57+0000 [14028] DEBUG [librepo] lr_handle_perform: Downloading/Locating yum repo
2025-12-26T14:49:57+0000 [14028] DEBUG [librepo] lr_yum_use_local: Locating repo..
2025-12-26T14:49:57+0000 [14028] DEBUG [librepo] lr_yum_use_local_load_base: Found local metalink: /home/aidan/.cache/libdnf5/fedora-fe4b228be7d3c150/metalink.xml
2025-12-26T14:49:57+0000 [14028] DEBUG [librepo] lr_yum_use_local_load_base: Parsing repomd.xml
2025-12-26T14:49:57+0000 [14028] DEBUG [librepo] lr_yum_use_local_load_base: Repomd revision: 1761190640
2025-12-26T14:49:57+0000 [14028] DEBUG [librepo] Found primary_zck so using instead of primary
2025-12-26T14:49:57+0000 [14028] DEBUG [librepo] Found filelists_zck so using instead of filelists
2025-12-26T14:49:57+0000 [14028] DEBUG [librepo] lr_yum_use_local: Repository was successfully located
2025-12-26T14:49:57+0000 [14028] DEBUG [librepo] lr_yum_check_checksum_of_md_record: Checking checksum of /home/aidan/.cache/libdnf5/fedora-fe4b228be7d3c150/repodata/affb4c277d7a0a05ec39e29c3207de63fe207adf97143e88c61bccc0e2a0135b-primary.xml.zck (expected: 733fbeb51978aaf572b8c53c8c4d6c7e8535009c062749d2134f78b745149a7c [sha256])
2025-12-26T14:49:57+0000 [14028] DEBUG [librepo] lr_yum_check_checksum_of_md_record: Checksum check - Passed
2025-12-26T14:49:57+0000 [14028] DEBUG [librepo] lr_yum_check_checksum_of_md_record: Checking checksum of /home/aidan/.cache/libdnf5/fedora-fe4b228be7d3c150/repodata/d98386eee3b666157656ac39450d1abad187bb47557d23cd6b199a0a4dbd9c5e-filelists.xml.zck (expected: 57c87a4db66ffb321e1cdb176fbf9ed8a31d32382f18c9a06cd959beb00d4500 [sha256])
2025-12-26T14:49:57+0000 [14028] DEBUG [librepo] lr_yum_check_checksum_of_md_record: Checksum check - Passed
2025-12-26T14:49:57+0000 [14028] DEBUG [librepo] lr_yum_check_checksum_of_md_record: Checking checksum of /home/aidan/.cache/libdnf5/fedora-fe4b228be7d3c150/repodata/73a6103e51d00abd1abd50eb54f98a07b398a86972555b532af6acdb98565c3d-comps-Everything.x86_64.xml.zst (expected: 73a6103e51d00abd1abd50eb54f98a07b398a86972555b532af6acdb98565c3d [sha256])
2025-12-26T14:49:57+0000 [14028] DEBUG [librepo] lr_checksum_fd_compare: Using mtime cached in xattr: [user.librepo.checksum.mtime] 1766760544212926223
2025-12-26T14:49:57+0000 [14028] DEBUG [librepo] lr_checksum_fd_compare: Using checksum cached in xattr: [user.librepo.checksum.sha256] 73a6103e51d00abd1abd50eb54f98a07b398a86972555b532af6acdb98565c3d
2025-12-26T14:49:57+0000 [14028] DEBUG [librepo] lr_yum_check_checksum_of_md_record: Checksum check - Passed
2025-12-26T14:49:57+0000 [14028] DEBUG [librepo] lr_handle_perform: Restoring an old SIGINT handler
2025-12-26T14:49:57+0000 [14028] DEBUG Loading solv cache file: "/home/aidan/.cache/libdnf5/fedora-fe4b228be7d3c150/solv/fedora.solv"
2025-12-26T14:49:58+0000 [14028] TRACE Cache file "/home/aidan/.cache/libdnf5/fedora-fe4b228be7d3c150/solv/fedora-filelists.solvx" not found
2025-12-26T14:49:58+0000 [14028] DEBUG Loading filelists extension for repo "fedora" from "/home/aidan/.cache/libdnf5/fedora-fe4b228be7d3c150/repodata/d98386eee3b666157656ac39450d1abad187bb47557d23cd6b199a0a4dbd9c5e-filelists.xml.zck"
2025-12-26T14:50:18+0000 [14028] TRACE Writing filelists extension cache for repo "fedora" to "/home/aidan/.cache/libdnf5/fedora-fe4b228be7d3c150/solv/fedora-filelists.solvx.8qPfGV"
2025-12-26T14:50:28+0000 [14028] DEBUG No updateinfo metadata available for repo "fedora"
2025-12-26T14:50:28+0000 [14028] DEBUG Loading solv cache file: "/home/aidan/.cache/libdnf5/fedora-fe4b228be7d3c150/solv/fedora-group.solvx"
2025-12-26T14:50:28+0000 [14028] DEBUG No modules metadata available for repo fedora
2025-12-26T14:50:28+0000 [14028] DEBUG Got boot time from systemd: 1766758901
2025-12-26T14:52:57+0000 [1063] INFO --- DNF5 launched with arguments: "dnf needs-restarting" ---
2025-12-26T14:52:57+0000 [1063] DEBUG Loading plugin file="/usr/lib64/dnf5/plugins/builddep_cmd_plugin.so"
2025-12-26T14:52:57+0000 [1063] INFO Loaded dnf5 plugin "builddep" ("/usr/lib64/dnf5/plugins/builddep_cmd_plugin.so") version "1.0.0"
2025-12-26T14:52:57+0000 [1063] DEBUG Loading plugin file="/usr/lib64/dnf5/plugins/changelog_cmd_plugin.so"
2025-12-26T14:52:57+0000 [1063] INFO Loaded dnf5 plugin "changelog" ("/usr/lib64/dnf5/plugins/changelog_cmd_plugin.so") version "1.0.0"
2025-12-26T14:52:57+0000 [1063] DEBUG Loading plugin file="/usr/lib64/dnf5/plugins/config-manager_cmd_plugin.so"
2025-12-26T14:52:57+0000 [1063] INFO Loaded dnf5 plugin "config-manager" ("/usr/lib64/dnf5/plugins/config-manager_cmd_plugin.so") version "0.1.0"
2025-12-26T14:52:57+0000 [1063] DEBUG Loading plugin file="/usr/lib64/dnf5/plugins/copr_cmd_plugin.so"
2025-12-26T14:52:57+0000 [1063] INFO Loaded dnf5 plugin "copr" ("/usr/lib64/dnf5/plugins/copr_cmd_plugin.so") version "0.1.0"
2025-12-26T14:52:57+0000 [1063] DEBUG Loading plugin file="/usr/lib64/dnf5/plugins/needs_restarting_cmd_plugin.so"
2025-12-26T14:52:57+0000 [1063] INFO Loaded dnf5 plugin "needs_restarting" ("/usr/lib64/dnf5/plugins/needs_restarting_cmd_plugin.so") version "1.0.0"
2025-12-26T14:52:57+0000 [1063] DEBUG Loading plugin file="/usr/lib64/dnf5/plugins/repoclosure_cmd_plugin.so"
2025-12-26T14:52:57+0000 [1063] INFO Loaded dnf5 plugin "repoclosure" ("/usr/lib64/dnf5/plugins/repoclosure_cmd_plugin.so") version "1.0.0"
2025-12-26T14:52:57+0000 [1063] DEBUG Loading plugin file="/usr/lib64/dnf5/plugins/repomanage_cmd_plugin.so"
2025-12-26T14:52:57+0000 [1063] INFO Loaded dnf5 plugin "repomanage" ("/usr/lib64/dnf5/plugins/repomanage_cmd_plugin.so") version "1.0.0"
2025-12-26T14:52:57+0000 [1063] DEBUG Loading plugin file="/usr/lib64/dnf5/plugins/reposync_cmd_plugin.so"
2025-12-26T14:52:57+0000 [1063] INFO Loaded dnf5 plugin "reposync" ("/usr/lib64/dnf5/plugins/reposync_cmd_plugin.so") version "1.0.0"
2025-12-26T14:52:57+0000 [1063] DEBUG Loading plugin library file="/usr/lib64/libdnf5/plugins/notify_packagekit.so"
2025-12-26T14:52:57+0000 [1063] INFO Loaded libdnf plugin "notify_packagekit" ("/usr/lib64/libdnf5/plugins/notify_packagekit.so"), version="1.3.3"
2025-12-26T14:52:57+0000 [1063] DEBUG Trying to load more plugins using the "notify_packagekit" plugin.
2025-12-26T14:52:57+0000 [1063] DEBUG End of loading plugins using the "notify_packagekit" plugin.
2025-12-26T14:52:57+0000 [1063] DEBUG Creating repo "fedora-cisco-openh264" from config file "/etc/yum.repos.d/fedora-cisco-openh264.repo" section "fedora-cisco-openh264"
2025-12-26T14:52:57+0000 [1063] DEBUG Creating repo "fedora-cisco-openh264-debuginfo" from config file "/etc/yum.repos.d/fedora-cisco-openh264.repo" section "fedora-cisco-openh264-debuginfo"
2025-12-26T14:52:57+0000 [1063] DEBUG Creating repo "fedora-cisco-openh264-source" from config file "/etc/yum.repos.d/fedora-cisco-openh264.repo" section "fedora-cisco-openh264-source"
2025-12-26T14:52:57+0000 [1063] DEBUG Creating repo "updates-testing" from config file "/etc/yum.repos.d/fedora-updates-testing.repo" section "updates-testing"
2025-12-26T14:52:57+0000 [1063] DEBUG Creating repo "updates-testing-debuginfo" from config file "/etc/yum.repos.d/fedora-updates-testing.repo" section "updates-testing-debuginfo"
2025-12-26T14:52:57+0000 [1063] DEBUG Creating repo "updates-testing-source" from config file "/etc/yum.repos.d/fedora-updates-testing.repo" section "updates-testing-source"
2025-12-26T14:52:57+0000 [1063] DEBUG Creating repo "updates" from config file "/etc/yum.repos.d/fedora-updates.repo" section "updates"
2025-12-26T14:52:57+0000 [1063] DEBUG Creating repo "updates-debuginfo" from config file "/etc/yum.repos.d/fedora-updates.repo" section "updates-debuginfo"
2025-12-26T14:52:57+0000 [1063] DEBUG Creating repo "updates-source" from config file "/etc/yum.repos.d/fedora-updates.repo" section "updates-source"
2025-12-26T14:52:57+0000 [1063] DEBUG Creating repo "fedora" from config file "/etc/yum.repos.d/fedora.repo" section "fedora"
2025-12-26T14:52:57+0000 [1063] DEBUG Creating repo "fedora-debuginfo" from config file "/etc/yum.repos.d/fedora.repo" section "fedora-debuginfo"
2025-12-26T14:52:57+0000 [1063] DEBUG Creating repo "fedora-source" from config file "/etc/yum.repos.d/fedora.repo" section "fedora-source"
2025-12-26T14:52:57+0000 [1063] DEBUG Loading system repo rpmdb from root "/"
2025-12-26T14:52:57+0000 [1063] INFO [librepo] Librepo version: 1.20.0 with CURL_GLOBAL_ACK_EINTR support (libcurl/8.15.0 OpenSSL/3.5.4 zlib/1.3.1.zlib-ng brotli/1.2.0 libidn2/2.3.8 libpsl/0.21.5 libssh/0.11.3/openssl/zlib nghttp2/1.66.0 OpenLDAP/2.6.10)
2025-12-26T14:52:57+0000 [1063] DEBUG [librepo] Current date: 2025-12-26T14:52:57+0000
2025-12-26T14:52:57+0000 [1063] DEBUG [librepo] lr_handle_perform: Using dir: /home/aidan/.cache/libdnf5/fedora-cisco-openh264-65b03c203277e378
2025-12-26T14:52:57+0000 [1063] DEBUG [librepo] lr_handle_perform: Using own SIGINT handler
2025-12-26T14:52:57+0000 [1063] DEBUG [librepo] lr_handle_prepare_internal_mirrorlist: Preparing internal mirrorlist
2025-12-26T14:52:57+0000 [1063] DEBUG [librepo] lr_handle_prepare_metalink: Local metalink.xml found at /home/aidan/.cache/libdnf5/fedora-cisco-openh264-65b03c203277e378/metalink.xml
2025-12-26T14:52:57+0000 [1063] DEBUG [librepo] lr_handle_prepare_metalink: Parsing metalink.xml
2025-12-26T14:52:57+0000 [1063] DEBUG [librepo] lr_handle_prepare_metalink: Mirrors from metalink:
2025-12-26T14:52:57+0000 [1063] DEBUG [librepo]   https://codecs.fedoraproject.org/openh264/43/x86_64/repodata/repomd.xml
2025-12-26T14:52:57+0000 [1063] DEBUG [librepo] lr_handle_prepare_metalink: Metalink parsed
2025-12-26T14:52:57+0000 [1063] DEBUG [librepo] lr_handle_prepare_internal_mirrorlist: Finalizing internal mirrorlist
2025-12-26T14:52:57+0000 [1063] DEBUG [librepo] lr_handle_prepare_internal_mirrorlist: Finalizing mirrors reported via LRI_MIRRORS
2025-12-26T14:52:57+0000 [1063] DEBUG [librepo] lr_handle_perform: Downloading/Locating yum repo
2025-12-26T14:52:57+0000 [1063] DEBUG [librepo] lr_yum_use_local: Locating repo..
2025-12-26T14:52:57+0000 [1063] DEBUG [librepo] lr_yum_use_local_load_base: Found local metalink: /home/aidan/.cache/libdnf5/fedora-cisco-openh264-65b03c203277e378/metalink.xml
2025-12-26T14:52:57+0000 [1063] DEBUG [librepo] lr_yum_use_local_load_base: Parsing repomd.xml
2025-12-26T14:52:57+0000 [1063] DEBUG [librepo] lr_yum_use_local_load_base: Repomd revision: 1741171556
2025-12-26T14:52:57+0000 [1063] DEBUG [librepo] lr_yum_use_local: Repository was successfully located
2025-12-26T14:52:57+0000 [1063] DEBUG [librepo] lr_yum_check_checksum_of_md_record: Checking checksum of /home/aidan/.cache/libdnf5/fedora-cisco-openh264-65b03c203277e378/repodata/aa1a9ab7a3cdffda906b294adb3d4031c5991e8e443f7777eabd4bbccde51967-primary.xml.zst (expected: aa1a9ab7a3cdffda906b294adb3d4031c5991e8e443f7777eabd4bbccde51967 [sha256])
2025-12-26T14:52:57+0000 [1063] DEBUG [librepo] lr_checksum_fd_compare: Using mtime cached in xattr: [user.librepo.checksum.mtime] 1766760545713918885
2025-12-26T14:52:57+0000 [1063] DEBUG [librepo] lr_checksum_fd_compare: Using checksum cached in xattr: [user.librepo.checksum.sha256] aa1a9ab7a3cdffda906b294adb3d4031c5991e8e443f7777eabd4bbccde51967
2025-12-26T14:52:57+0000 [1063] DEBUG [librepo] lr_yum_check_checksum_of_md_record: Checksum check - Passed
2025-12-26T14:52:57+0000 [1063] DEBUG [librepo] lr_yum_check_checksum_of_md_record: Checking checksum of /home/aidan/.cache/libdnf5/fedora-cisco-openh264-65b03c203277e378/repodata/fe7931412901203fb73717d3283209dcf05af265b14e78dbeaf82e20244abe69-filelists.xml.zst (expected: fe7931412901203fb73717d3283209dcf05af265b14e78dbeaf82e20244abe69 [sha256])
2025-12-26T14:52:57+0000 [1063] DEBUG [librepo] lr_checksum_fd_compare: Using mtime cached in xattr: [user.librepo.checksum.mtime] 1766760545896917990
2025-12-26T14:52:57+0000 [1063] DEBUG [librepo] lr_checksum_fd_compare: Using checksum cached in xattr: [user.librepo.checksum.sha256] fe7931412901203fb73717d3283209dcf05af265b14e78dbeaf82e20244abe69
2025-12-26T14:52:57+0000 [1063] DEBUG [librepo] lr_yum_check_checksum_of_md_record: Checksum check - Passed
2025-12-26T14:52:57+0000 [1063] DEBUG [librepo] lr_handle_perform: Restoring an old SIGINT handler
2025-12-26T14:52:57+0000 [1063] DEBUG Using cache for repo "fedora-cisco-openh264"
2025-12-26T14:52:57+0000 [1063] DEBUG [librepo] lr_handle_perform: Using dir: /home/aidan/.cache/libdnf5/updates-431245df5652aba0
2025-12-26T14:52:57+0000 [1063] DEBUG [librepo] lr_handle_perform: Using own SIGINT handler
2025-12-26T14:52:57+0000 [1063] DEBUG [librepo] lr_handle_prepare_internal_mirrorlist: Preparing internal mirrorlist
2025-12-26T14:52:57+0000 [1063] DEBUG [librepo] lr_handle_prepare_metalink: Local metalink.xml found at /home/aidan/.cache/libdnf5/updates-431245df5652aba0/metalink.xml
2025-12-26T14:52:57+0000 [1063] DEBUG [librepo] lr_handle_prepare_metalink: Parsing metalink.xml
2025-12-26T14:52:57+0000 [1063] DEBUG [librepo] lr_handle_prepare_metalink: Mirrors from metalink:
2025-12-26T14:52:57+0000 [1063] DEBUG [librepo]   https://fedora.mirrorservice.org/fedora/linux/updates/43/Everything/x86_64/repodata/repomd.xml
2025-12-26T14:52:57+0000 [1063] DEBUG [librepo]   http://fedora.mirrorservice.org/fedora/linux/updates/43/Everything/x86_64/repodata/repomd.xml
2025-12-26T14:52:57+0000 [1063] DEBUG [librepo]   rsync://rsync.mirrorservice.org/dl.fedoraproject.org/pub/fedora/linux/updates/43/Everything/x86_64/repodata/repomd.xml
2025-12-26T14:52:57+0000 [1063] DEBUG [librepo]   http://creeperhost.mm.fcix.net/fedora/linux/updates/43/Everything/x86_64/repodata/repomd.xml
2025-12-26T14:52:57+0000 [1063] DEBUG [librepo]   https://creeperhost.mm.fcix.net/fedora/linux/updates/43/Everything/x86_64/repodata/repomd.xml
2025-12-26T14:52:57+0000 [1063] DEBUG [librepo]   rsync://creeperhost.mm.fcix.net/fedora-enchilada/linux/updates/43/Everything/x86_64/repodata/repomd.xml
2025-12-26T14:52:57+0000 [1063] DEBUG [librepo]   https://ask4.mm.fcix.net/fedora/linux/updates/43/Everything/x86_64/repodata/repomd.xml
2025-12-26T14:52:57+0000 [1063] DEBUG [librepo]   http://ask4.mm.fcix.net/fedora/linux/updates/43/Everything/x86_64/repodata/repomd.xml
2025-12-26T14:52:57+0000 [1063] DEBUG [librepo]   rsync://ask4.mm.fcix.net/fedora-enchilada/linux/updates/43/Everything/x86_64/repodata/repomd.xml
2025-12-26T14:52:57+0000 [1063] DEBUG [librepo]   https://b4sh.mm.fcix.net/fedora/linux/updates/43/Everything/x86_64/repodata/repomd.xml
2025-12-26T14:52:57+0000 [1063] DEBUG [librepo]   http://b4sh.mm.fcix.net/fedora/linux/updates/43/Everything/x86_64/repodata/repomd.xml
2025-12-26T14:52:57+0000 [1063] DEBUG [librepo]   rsync://b4sh.mm.fcix.net/fedora-enchilada/linux/updates/43/Everything/x86_64/repodata/repomd.xml
2025-12-26T14:52:57+0000 [1063] DEBUG [librepo]   http://mirror.yandex.ru/fedora/linux/updates/43/Everything/x86_64/repodata/repomd.xml
2025-12-26T14:52:57+0000 [1063] DEBUG [librepo]   rsync://mirror.yandex.ru/fedora/linux/updates/43/Everything/x86_64/repodata/repomd.xml
2025-12-26T14:52:57+0000 [1063] DEBUG [librepo]   https://mirror.yandex.ru/fedora/linux/updates/43/Everything/x86_64/repodata/repomd.xml
2025-12-26T14:52:57+0000 [1063] DEBUG [librepo]   http://mirror.23m.com/fedora/linux/updates/43/Everything/x86_64/repodata/repomd.xml
2025-12-26T14:52:57+0000 [1063] DEBUG [librepo]   https://mirror.23m.com/fedora/linux/updates/43/Everything/x86_64/repodata/repomd.xml
2025-12-26T14:52:57+0000 [1063] DEBUG [librepo]   rsync://mirror.23m.com/fedora/linux/updates/43/Everything/x86_64/repodata/repomd.xml
2025-12-26T14:52:57+0000 [1063] DEBUG [librepo]   http://mirrors.chroot.ro/fedora/linux/updates/43/Everything/x86_64/repodata/repomd.xml
2025-12-26T14:52:57+0000 [1063] DEBUG [librepo]   https://eu.edge.kernel.org/fedora/updates/43/Everything/x86_64/repodata/repomd.xml
2025-12-26T14:52:57+0000 [1063] DEBUG [librepo]   http://fedora.ip-connect.info/linux/updates/43/Everything/x86_64/repodata/repomd.xml
2025-12-26T14:52:57+0000 [1063] DEBUG [librepo]   https://fedora.ip-connect.info/linux/updates/43/Everything/x86_64/repodata/repomd.xml
2025-12-26T14:52:57+0000 [1063] DEBUG [librepo]   rsync://fedora.ip-connect.info/fedora/linux/updates/43/Everything/x86_64/repodata/repomd.xml
2025-12-26T14:52:57+0000 [1063] DEBUG [librepo]   http://fedora.ipacct.com/fedora/linux/updates/43/Everything/x86_64/repodata/repomd.xml
2025-12-26T14:52:57+0000 [1063] DEBUG [librepo]   https://fedora.ipacct.com/fedora/linux/updates/43/Everything/x86_64/repodata/repomd.xml
2025-12-26T14:52:57+0000 [1063] DEBUG [librepo]   rsync://fedora.ipacct.com/fedora/linux/updates/43/Everything/x86_64/repodata/repomd.xml
2025-12-26T14:52:57+0000 [1063] DEBUG [librepo]   https://fedora.ip-connect.vn.ua/linux/updates/43/Everything/x86_64/repodata/repomd.xml
2025-12-26T14:52:57+0000 [1063] DEBUG [librepo]   rsync://fedora.ip-connect.vn.ua/fedora/linux/updates/43/Everything/x86_64/repodata/repomd.xml
2025-12-26T14:52:57+0000 [1063] DEBUG [librepo]   http://fedora.ip-connect.vn.ua/linux/updates/43/Everything/x86_64/repodata/repomd.xml
2025-12-26T14:52:57+0000 [1063] DEBUG [librepo]   rsync://mirror.karneval.cz/fedora/linux/updates/43/Everything/x86_64/repodata/repomd.xml
2025-12-26T14:52:57+0000 [1063] DEBUG [librepo]   https://mirror.karneval.cz/pub/linux/fedora/linux/updates/43/Everything/x86_64/repodata/repomd.xml
2025-12-26T14:52:57+0000 [1063] DEBUG [librepo]   rsync://mirror.i3d.net/fedora/linux/updates/43/Everything/x86_64/repodata/repomd.xml
2025-12-26T14:52:57+0000 [1063] DEBUG [librepo]   https://mirror.i3d.net/pub/fedora/linux/updates/43/Everything/x86_64/repodata/repomd.xml
2025-12-26T14:52:57+0000 [1063] DEBUG [librepo]   http://mirror.i3d.net/pub/fedora/linux/updates/43/Everything/x86_64/repodata/repomd.xml
2025-12-26T14:52:57+0000 [1063] DEBUG [librepo]   https://ftp.lysator.liu.se/pub/fedora/linux/updates/43/Everything/x86_64/repodata/repomd.xml
2025-12-26T14:52:57+0000 [1063] DEBUG [librepo]   http://ftp.lysator.liu.se/pub/fedora/linux/updates/43/Everything/x86_64/repodata/repomd.xml
2025-12-26T14:52:57+0000 [1063] DEBUG [librepo]   rsync://ftp.lysator.liu.se/pub/fedora/linux/updates/43/Everything/x86_64/repodata/repomd.xml
2025-12-26T14:52:57+0000 [1063] DEBUG [librepo]   rsync://ftp.uni-stuttgart.de/fedora/updates/43/Everything/x86_64/repodata/repomd.xml
2025-12-26T14:52:57+0000 [1063] DEBUG [librepo]   https://ftp.uni-stuttgart.de/fedora/updates/43/Everything/x86_64/repodata/repomd.xml
2025-12-26T14:52:57+0000 [1063] DEBUG [librepo]   http://ftp.uni-stuttgart.de/fedora/updates/43/Everything/x86_64/repodata/repomd.xml
2025-12-26T14:52:57+0000 [1063] DEBUG [librepo]   rsync://mirrors.dotsrc.org/fedora-enchilada/linux/updates/43/Everything/x86_64/repodata/repomd.xml
2025-12-26T14:52:57+0000 [1063] DEBUG [librepo]   http://mirrors.dotsrc.org/fedora-enchilada/linux/updates/43/Everything/x86_64/repodata/repomd.xml
2025-12-26T14:52:57+0000 [1063] DEBUG [librepo]   https://mirrors.dotsrc.org/fedora-enchilada/linux/updates/43/Everything/x86_64/repodata/repomd.xml
2025-12-26T14:52:57+0000 [1063] DEBUG [librepo]   https://ftp.upjs.sk/pub/fedora/linux/updates/43/Everything/x86_64/repodata/repomd.xml
2025-12-26T14:52:57+0000 [1063] DEBUG [librepo]   http://ftp.upjs.sk/pub/fedora/linux/updates/43/Everything/x86_64/repodata/repomd.xml
2025-12-26T14:52:57+0000 [1063] DEBUG [librepo]   rsync://ftp.upjs.sk/pub/fedora/linux/updates/43/Everything/x86_64/repodata/repomd.xml
2025-12-26T14:52:57+0000 [1063] DEBUG [librepo]   http://fedora.mirror.liteserver.nl/linux/updates/43/Everything/x86_64/repodata/repomd.xml
2025-12-26T14:52:57+0000 [1063] DEBUG [librepo]   rsync://mirror.liteserver.nl/fedora/linux/updates/43/Everything/x86_64/repodata/repomd.xml
2025-12-26T14:52:57+0000 [1063] DEBUG [librepo]   https://fedora.mirror.liteserver.nl/linux/updates/43/Everything/x86_64/repodata/repomd.xml
2025-12-26T14:52:57+0000 [1063] DEBUG [librepo]   http://mirror.bahnhof.net/pub/fedora/linux/updates/43/Everything/x86_64/repodata/repomd.xml
2025-12-26T14:52:57+0000 [1063] DEBUG [librepo]   https://mirror.bahnhof.net/pub/fedora/linux/updates/43/Everything/x86_64/repodata/repomd.xml
2025-12-26T14:52:57+0000 [1063] DEBUG [librepo]   http://ftp.uni-bayreuth.de/linux/fedora/linux/updates/43/Everything/x86_64/repodata/repomd.xml
2025-12-26T14:52:57+0000 [1063] DEBUG [librepo]   rsync://rsync.uni-bayreuth.de/fedora-enchilada/linux/updates/43/Everything/x86_64/repodata/repomd.xml
2025-12-26T14:52:57+0000 [1063] DEBUG [librepo]   https://mirrors.nxthost.com/fedora/updates/43/Everything/x86_64/repodata/repomd.xml
2025-12-26T14:52:57+0000 [1063] DEBUG [librepo]   http://mirrors.nxthost.com/fedora/updates/43/Everything/x86_64/repodata/repomd.xml
2025-12-26T14:52:57+0000 [1063] DEBUG [librepo]   rsync://mirrors.nxthost.com/fedora/updates/43/Everything/x86_64/repodata/repomd.xml
2025-12-26T14:52:57+0000 [1063] DEBUG [librepo]   https://mirror.plusline.net/fedora/linux/updates/43/Everything/x86_64/repodata/repomd.xml
2025-12-26T14:52:57+0000 [1063] DEBUG [librepo]   rsync://mirror.plusline.net/fedora/linux/updates/43/Everything/x86_64/repodata/repomd.xml
2025-12-26T14:52:57+0000 [1063] DEBUG [librepo]   http://mirror.plusline.net/fedora/linux/updates/43/Everything/x86_64/repodata/repomd.xml
2025-12-26T14:52:57+0000 [1063] DEBUG [librepo]   http://mirror.slu.cz/fedora/linux/updates/43/Everything/x86_64/repodata/repomd.xml
2025-12-26T14:52:57+0000 [1063] DEBUG [librepo]   rsync://mirror.slu.cz/fedora/linux/updates/43/Everything/x86_64/repodata/repomd.xml
2025-12-26T14:52:57+0000 [1063] DEBUG [librepo]   https://mirror.slu.cz/fedora/linux/updates/43/Everything/x86_64/repodata/repomd.xml
2025-12-26T14:52:57+0000 [1063] DEBUG [librepo]   http://ftp.fau.de/fedora/linux/updates/43/Everything/x86_64/repodata/repomd.xml
2025-12-26T14:52:57+0000 [1063] DEBUG [librepo]   https://ftp.fau.de/fedora/linux/updates/43/Everything/x86_64/repodata/repomd.xml
2025-12-26T14:52:57+0000 [1063] DEBUG [librepo]   rsync://ftp.fau.de/fedora/linux/updates/43/Everything/x86_64/repodata/repomd.xml
2025-12-26T14:52:57+0000 [1063] DEBUG [librepo]   https://ftp-stud.hs-esslingen.de/pub/fedora/linux/updates/43/Everything/x86_64/repodata/repomd.xml
2025-12-26T14:52:57+0000 [1063] DEBUG [librepo]   rsync://ftp-stud.hs-esslingen.de/fedora/linux/updates/43/Everything/x86_64/repodata/repomd.xml
2025-12-26T14:52:57+0000 [1063] DEBUG [librepo]   http://ftp-stud.hs-esslingen.de/pub/fedora/linux/updates/43/Everything/x86_64/repodata/repomd.xml
2025-12-26T14:52:57+0000 [1063] DEBUG [librepo]   https://mirrors.xtom.ee/fedora/updates/43/Everything/x86_64/repodata/repomd.xml
2025-12-26T14:52:57+0000 [1063] DEBUG [librepo]   rsync://mirrors.xtom.ee/fedora/updates/43/Everything/x86_64/repodata/repomd.xml
2025-12-26T14:52:57+0000 [1063] DEBUG [librepo]   http://mirrors.xtom.ee/fedora/updates/43/Everything/x86_64/repodata/repomd.xml
2025-12-26T14:52:57+0000 [1063] DEBUG [librepo]   http://mirror.in2p3.fr/pub/fedora/linux/updates/43/Everything/x86_64/repodata/repomd.xml
2025-12-26T14:52:57+0000 [1063] DEBUG [librepo]   rsync://mirror.in2p3.fr/pub/fedora/linux/updates/43/Everything/x86_64/repodata/repomd.xml
2025-12-26T14:52:57+0000 [1063] DEBUG [librepo]   https://mirror.in2p3.fr/pub/fedora/linux/updates/43/Everything/x86_64/repodata/repomd.xml
2025-12-26T14:52:57+0000 [1063] DEBUG [librepo]   https://mirrors.n-ix.net/fedora/linux/updates/43/Everything/x86_64/repodata/repomd.xml
2025-12-26T14:52:57+0000 [1063] DEBUG [librepo]   rsync://mirrors.n-ix.net/fedora/updates/43/Everything/x86_64/repodata/repomd.xml
2025-12-26T14:52:57+0000 [1063] DEBUG [librepo]   http://mirrors.n-ix.net/fedora/linux/updates/43/Everything/x86_64/repodata/repomd.xml
2025-12-26T14:52:57+0000 [1063] DEBUG [librepo]   http://ftp.sh.cvut.cz/fedora/linux/updates/43/Everything/x86_64/repodata/repomd.xml
2025-12-26T14:52:57+0000 [1063] DEBUG [librepo]   https://ftp.sh.cvut.cz/fedora/linux/updates/43/Everything/x86_64/repodata/repomd.xml
2025-12-26T14:52:57+0000 [1063] DEBUG [librepo]   rsync://ftp.sh.cvut.cz/fedora/linux/updates/43/Everything/x86_64/repodata/repomd.xml
2025-12-26T14:52:57+0000 [1063] DEBUG [librepo]   http://mirror.dogado.de/fedora/linux/updates/43/Everything/x86_64/repodata/repomd.xml
2025-12-26T14:52:57+0000 [1063] DEBUG [librepo]   https://mirror.dogado.de/fedora/linux/updates/43/Everything/x86_64/repodata/repomd.xml
2025-12-26T14:52:57+0000 [1063] DEBUG [librepo]   rsync://mirror.dogado.de/fedora/linux/updates/43/Everything/x86_64/repodata/repomd.xml
2025-12-26T14:52:57+0000 [1063] DEBUG [librepo]   rsync://mirror.nl.leaseweb.net/fedora/linux/updates/43/Everything/x86_64/repodata/repomd.xml
2025-12-26T14:52:57+0000 [1063] DEBUG [librepo]   http://mirror.nl.leaseweb.net/fedora/linux/updates/43/Everything/x86_64/repodata/repomd.xml
2025-12-26T14:52:57+0000 [1063] DEBUG [librepo]   rsync://mirror.netsite.dk/fedora/updates/43/Everything/x86_64/repodata/repomd.xml
2025-12-26T14:52:57+0000 [1063] DEBUG [librepo]   https://mirror.netsite.dk/fedora/linux/updates/43/Everything/x86_64/repodata/repomd.xml
2025-12-26T14:52:57+0000 [1063] DEBUG [librepo]   http://mirror.netsite.dk/fedora/linux/updates/43/Everything/x86_64/repodata/repomd.xml
2025-12-26T14:52:57+0000 [1063] DEBUG [librepo]   rsync://rsync.nic.funet.fi/ftp/pub/mirrors/fedora.redhat.com/pub/fedora/linux/updates/43/Everything/x86_64/repodata/repomd.xml
2025-12-26T14:52:57+0000 [1063] DEBUG [librepo]   http://www.nic.funet.fi/pub/mirrors/fedora.redhat.com/pub/fedora/linux/updates/43/Everything/x86_64/repodata/repomd.xml
2025-12-26T14:52:57+0000 [1063] DEBUG [librepo]   https://mirrors.xtom.de/fedora/updates/43/Everything/x86_64/repodata/repomd.xml
2025-12-26T14:52:57+0000 [1063] DEBUG [librepo]   http://mirrors.xtom.de/fedora/updates/43/Everything/x86_64/repodata/repomd.xml
2025-12-26T14:52:57+0000 [1063] DEBUG [librepo]   rsync://mirrors.xtom.de/fedora/updates/43/Everything/x86_64/repodata/repomd.xml
2025-12-26T14:52:57+0000 [1063] DEBUG [librepo]   https://fr2.rpmfind.net/linux/fedora/linux/updates/43/Everything/x86_64/repodata/repomd.xml
2025-12-26T14:52:57+0000 [1063] DEBUG [librepo]   http://fr2.rpmfind.net/linux/fedora/linux/updates/43/Everything/x86_64/repodata/repomd.xml
2025-12-26T14:52:57+0000 [1063] DEBUG [librepo]   rsync://fr2.rpmfind.net/linux/fedora/linux/updates/43/Everything/x86_64/repodata/repomd.xml
2025-12-26T14:52:57+0000 [1063] DEBUG [librepo]   rsync://fedora.tu-chemnitz.de/ftp/pub/linux/fedora/linux/updates/43/Everything/x86_64/repodata/repomd.xml
2025-12-26T14:52:57+0000 [1063] DEBUG [librepo]   http://fedora.tu-chemnitz.de/pub/linux/fedora/linux/updates/43/Everything/x86_64/repodata/repomd.xml
2025-12-26T14:52:57+0000 [1063] DEBUG [librepo]   rsync://distrib-coffee.ipsl.jussieu.fr/pub/linux/fedora/linux/updates/43/Everything/x86_64/repodata/repomd.xml
2025-12-26T14:52:57+0000 [1063] DEBUG [librepo]   http://distrib-coffee.ipsl.jussieu.fr/pub/linux/fedora/linux/updates/43/Everything/x86_64/repodata/repomd.xml
2025-12-26T14:52:57+0000 [1063] DEBUG [librepo]   rsync://fedora-mirror02.rbc.ru/fedora-enchilada/updates/43/Everything/x86_64/repodata/repomd.xml
2025-12-26T14:52:57+0000 [1063] DEBUG [librepo]   http://fedora-mirror02.rbc.ru/pub/fedora/linux/updates/43/Everything/x86_64/repodata/repomd.xml
2025-12-26T14:52:57+0000 [1063] DEBUG [librepo]   https://mirror.maeen.sa/fedora/updates/43/Everything/x86_64/repodata/repomd.xml
2025-12-26T14:52:57+0000 [1063] DEBUG [librepo]   http://mirror.maeen.sa/fedora/updates/43/Everything/x86_64/repodata/repomd.xml
2025-12-26T14:52:57+0000 [1063] DEBUG [librepo]   rsync://mirror.maeen.sa/fedora/updates/43/Everything/x86_64/repodata/repomd.xml
2025-12-26T14:52:57+0000 [1063] DEBUG [librepo]   https://mirror.imt-systems.com/fedora/linux/updates/43/Everything/x86_64/repodata/repomd.xml
2025-12-26T14:52:57+0000 [1063] DEBUG [librepo]   rsync://mirror.imt-systems.com/fedora/linux/updates/43/Everything/x86_64/repodata/repomd.xml
2025-12-26T14:52:57+0000 [1063] DEBUG [librepo]   http://mirror.imt-systems.com/fedora/linux/updates/43/Everything/x86_64/repodata/repomd.xml
2025-12-26T14:52:57+0000 [1063] DEBUG [librepo]   https://distrohub.kyiv.ua/fedora/fedora/linux/updates/43/Everything/x86_64/repodata/repomd.xml
2025-12-26T14:52:57+0000 [1063] DEBUG [librepo]   rsync://distrohub.kyiv.ua/fedora/fedora/linux/updates/43/Everything/x86_64/repodata/repomd.xml
2025-12-26T14:52:57+0000 [1063] DEBUG [librepo]   http://distrohub.kyiv.ua/fedora/fedora/linux/updates/43/Everything/x86_64/repodata/repomd.xml
2025-12-26T14:52:57+0000 [1063] DEBUG [librepo]   http://ftp.otenet.gr/linux/fedora/linux/updates/43/Everything/x86_64/repodata/repomd.xml
2025-12-26T14:52:57+0000 [1063] DEBUG [librepo] lr_handle_prepare_metalink: Metalink parsed
2025-12-26T14:52:57+0000 [1063] DEBUG [librepo] lr_handle_prepare_internal_mirrorlist: Finalizing internal mirrorlist
2025-12-26T14:52:57+0000 [1063] DEBUG [librepo] lr_handle_prepare_internal_mirrorlist: Finalizing mirrors reported via LRI_MIRRORS
2025-12-26T14:52:57+0000 [1063] DEBUG [librepo] lr_handle_perform: Downloading/Locating yum repo
2025-12-26T14:52:57+0000 [1063] DEBUG [librepo] lr_yum_use_local: Locating repo..
2025-12-26T14:52:57+0000 [1063] DEBUG [librepo] lr_yum_use_local_load_base: Found local metalink: /home/aidan/.cache/libdnf5/updates-431245df5652aba0/metalink.xml
2025-12-26T14:52:57+0000 [1063] DEBUG [librepo] lr_yum_use_local_load_base: Parsing repomd.xml
2025-12-26T14:52:57+0000 [1063] DEBUG [librepo] lr_yum_use_local_load_base: Repomd revision: 1766708413
2025-12-26T14:52:57+0000 [1063] DEBUG [librepo] Found primary_zck so using instead of primary
2025-12-26T14:52:57+0000 [1063] DEBUG [librepo] Found filelists_zck so using instead of filelists
2025-12-26T14:52:57+0000 [1063] DEBUG [librepo] Found updateinfo_zck so using instead of updateinfo
2025-12-26T14:52:57+0000 [1063] DEBUG [librepo] lr_yum_use_local: Repository was successfully located
2025-12-26T14:52:57+0000 [1063] DEBUG [librepo] lr_yum_check_checksum_of_md_record: Checking checksum of /home/aidan/.cache/libdnf5/updates-431245df5652aba0/repodata/f570116596bfede3bcba9624346ca9fa6f99136cf4367f42e8fbaca33b231295-primary.xml.zck (expected: d1e71a8694055516464d1a4a271c7ef388b74565bce91fa52ef26662d6ce80e1 [sha256])
2025-12-26T14:52:57+0000 [1063] DEBUG [librepo] lr_yum_check_checksum_of_md_record: Checksum check - Passed
2025-12-26T14:52:57+0000 [1063] DEBUG [librepo] lr_yum_check_checksum_of_md_record: Checking checksum of /home/aidan/.cache/libdnf5/updates-431245df5652aba0/repodata/e7b8572deda56ec51c971068b49fb98338858b92fe0cfb160af1a1b68c364cb5-filelists.xml.zck (expected: 1d75fd28cd7ad373c2dba8d887f11a7af5d911e1405b8be343d2fb401044ab3b [sha256])
2025-12-26T14:52:58+0000 [1063] DEBUG [librepo] lr_yum_check_checksum_of_md_record: Checksum check - Passed
2025-12-26T14:52:58+0000 [1063] DEBUG [librepo] lr_yum_check_checksum_of_md_record: Checking checksum of /home/aidan/.cache/libdnf5/updates-431245df5652aba0/repodata/fcc4f66c721f96d1a63d6796325098fad52edf9af9ac66b9a1ff22ce4c72d78b-comps-Everything.x86_64.xml.zst (expected: fcc4f66c721f96d1a63d6796325098fad52edf9af9ac66b9a1ff22ce4c72d78b [sha256])
2025-12-26T14:52:58+0000 [1063] DEBUG [librepo] lr_checksum_fd_compare: Using mtime cached in xattr: [user.librepo.checksum.mtime] 1766760544480924913
2025-12-26T14:52:58+0000 [1063] DEBUG [librepo] lr_checksum_fd_compare: Using checksum cached in xattr: [user.librepo.checksum.sha256] fcc4f66c721f96d1a63d6796325098fad52edf9af9ac66b9a1ff22ce4c72d78b
2025-12-26T14:52:58+0000 [1063] DEBUG [librepo] lr_yum_check_checksum_of_md_record: Checksum check - Passed
2025-12-26T14:52:58+0000 [1063] DEBUG [librepo] lr_yum_check_checksum_of_md_record: Checking checksum of /home/aidan/.cache/libdnf5/updates-431245df5652aba0/repodata/0b4bb40b492321727906351c863cfa4df272b68769885e0a1aebda9546e78cb9-updateinfo.xml.zck (expected: a5dad1c686e82203b35a28d83343d184030036022c022749389208f1dbf6b525 [sha256])
2025-12-26T14:52:58+0000 [1063] DEBUG [librepo] lr_yum_check_checksum_of_md_record: Checksum check - Passed
2025-12-26T14:52:58+0000 [1063] DEBUG [librepo] lr_handle_perform: Restoring an old SIGINT handler
2025-12-26T14:52:58+0000 [1063] DEBUG Using cache for repo "updates"
2025-12-26T14:52:58+0000 [1063] DEBUG [librepo] lr_handle_perform: Using dir: /home/aidan/.cache/libdnf5/fedora-fe4b228be7d3c150
2025-12-26T14:52:58+0000 [1063] DEBUG [librepo] lr_handle_perform: Using own SIGINT handler
2025-12-26T14:52:58+0000 [1063] DEBUG [librepo] lr_handle_prepare_internal_mirrorlist: Preparing internal mirrorlist
2025-12-26T14:52:58+0000 [1063] DEBUG [librepo] lr_handle_prepare_metalink: Local metalink.xml found at /home/aidan/.cache/libdnf5/fedora-fe4b228be7d3c150/metalink.xml
2025-12-26T14:52:58+0000 [1063] DEBUG [librepo] lr_handle_prepare_metalink: Parsing metalink.xml
2025-12-26T14:52:58+0000 [1063] DEBUG [librepo] lr_handle_prepare_metalink: Mirrors from metalink:
2025-12-26T14:52:58+0000 [1063] DEBUG [librepo]   https://fedora.mirrorservice.org/fedora/linux/releases/43/Everything/x86_64/os/repodata/repomd.xml
2025-12-26T14:52:58+0000 [1063] DEBUG [librepo]   http://fedora.mirrorservice.org/fedora/linux/releases/43/Everything/x86_64/os/repodata/repomd.xml
2025-12-26T14:52:58+0000 [1063] DEBUG [librepo]   rsync://rsync.mirrorservice.org/dl.fedoraproject.org/pub/fedora/linux/releases/43/Everything/x86_64/os/repodata/repomd.xml
2025-12-26T14:52:58+0000 [1063] DEBUG [librepo]   https://ask4.mm.fcix.net/fedora/linux/releases/43/Everything/x86_64/os/repodata/repomd.xml
2025-12-26T14:52:58+0000 [1063] DEBUG [librepo]   http://ask4.mm.fcix.net/fedora/linux/releases/43/Everything/x86_64/os/repodata/repomd.xml
2025-12-26T14:52:58+0000 [1063] DEBUG [librepo]   rsync://ask4.mm.fcix.net/fedora-enchilada/linux/releases/43/Everything/x86_64/os/repodata/repomd.xml
2025-12-26T14:52:58+0000 [1063] DEBUG [librepo]   http://creeperhost.mm.fcix.net/fedora/linux/releases/43/Everything/x86_64/os/repodata/repomd.xml
2025-12-26T14:52:58+0000 [1063] DEBUG [librepo]   https://creeperhost.mm.fcix.net/fedora/linux/releases/43/Everything/x86_64/os/repodata/repomd.xml
2025-12-26T14:52:58+0000 [1063] DEBUG [librepo]   rsync://creeperhost.mm.fcix.net/fedora-enchilada/linux/releases/43/Everything/x86_64/os/repodata/repomd.xml
2025-12-26T14:52:58+0000 [1063] DEBUG [librepo]   https://b4sh.mm.fcix.net/fedora/linux/releases/43/Everything/x86_64/os/repodata/repomd.xml
2025-12-26T14:52:58+0000 [1063] DEBUG [librepo]   http://b4sh.mm.fcix.net/fedora/linux/releases/43/Everything/x86_64/os/repodata/repomd.xml
2025-12-26T14:52:58+0000 [1063] DEBUG [librepo]   rsync://b4sh.mm.fcix.net/fedora-enchilada/linux/releases/43/Everything/x86_64/os/repodata/repomd.xml
2025-12-26T14:52:58+0000 [1063] DEBUG [librepo]   rsync://mirror.karneval.cz/fedora/linux/releases/43/Everything/x86_64/os/repodata/repomd.xml
2025-12-26T14:52:58+0000 [1063] DEBUG [librepo]   https://mirror.karneval.cz/pub/linux/fedora/linux/releases/43/Everything/x86_64/os/repodata/repomd.xml
2025-12-26T14:52:58+0000 [1063] DEBUG [librepo]   http://mirror.accum.se/mirror/fedora/linux/releases/43/Everything/x86_64/os/repodata/repomd.xml
2025-12-26T14:52:58+0000 [1063] DEBUG [librepo]   rsync://mirror.accum.se/mirror/fedora/linux/releases/43/Everything/x86_64/os/repodata/repomd.xml
2025-12-26T14:52:58+0000 [1063] DEBUG [librepo]   https://mirror.accum.se/mirror/fedora/linux/releases/43/Everything/x86_64/os/repodata/repomd.xml
2025-12-26T14:52:58+0000 [1063] DEBUG [librepo]   http://mirror.bahnhof.net/pub/fedora/linux/releases/43/Everything/x86_64/os/repodata/repomd.xml
2025-12-26T14:52:58+0000 [1063] DEBUG [librepo]   https://mirror.bahnhof.net/pub/fedora/linux/releases/43/Everything/x86_64/os/repodata/repomd.xml
2025-12-26T14:52:58+0000 [1063] DEBUG [librepo]   rsync://mirror.i3d.net/fedora/linux/releases/43/Everything/x86_64/os/repodata/repomd.xml
2025-12-26T14:52:58+0000 [1063] DEBUG [librepo]   https://mirror.i3d.net/pub/fedora/linux/releases/43/Everything/x86_64/os/repodata/repomd.xml
2025-12-26T14:52:58+0000 [1063] DEBUG [librepo]   http://mirror.i3d.net/pub/fedora/linux/releases/43/Everything/x86_64/os/repodata/repomd.xml
2025-12-26T14:52:58+0000 [1063] DEBUG [librepo]   rsync://ftp.uni-stuttgart.de/fedora/releases/43/Everything/x86_64/os/repodata/repomd.xml
2025-12-26T14:52:58+0000 [1063] DEBUG [librepo]   https://ftp.uni-stuttgart.de/fedora/releases/43/Everything/x86_64/os/repodata/repomd.xml
2025-12-26T14:52:58+0000 [1063] DEBUG [librepo]   http://ftp.uni-stuttgart.de/fedora/releases/43/Everything/x86_64/os/repodata/repomd.xml
2025-12-26T14:52:58+0000 [1063] DEBUG [librepo]   http://mirror.yandex.ru/fedora/linux/releases/43/Everything/x86_64/os/repodata/repomd.xml
2025-12-26T14:52:58+0000 [1063] DEBUG [librepo]   rsync://mirror.yandex.ru/fedora/linux/releases/43/Everything/x86_64/os/repodata/repomd.xml
2025-12-26T14:52:58+0000 [1063] DEBUG [librepo]   https://mirror.yandex.ru/fedora/linux/releases/43/Everything/x86_64/os/repodata/repomd.xml
2025-12-26T14:52:58+0000 [1063] DEBUG [librepo]   https://fedora.ip-connect.vn.ua/linux/releases/43/Everything/x86_64/os/repodata/repomd.xml
2025-12-26T14:52:58+0000 [1063] DEBUG [librepo]   rsync://fedora.ip-connect.vn.ua/fedora/linux/releases/43/Everything/x86_64/os/repodata/repomd.xml
2025-12-26T14:52:58+0000 [1063] DEBUG [librepo]   http://fedora.ip-connect.vn.ua/linux/releases/43/Everything/x86_64/os/repodata/repomd.xml
2025-12-26T14:52:58+0000 [1063] DEBUG [librepo]   https://mirrors.nxthost.com/fedora/releases/43/Everything/x86_64/os/repodata/repomd.xml
2025-12-26T14:52:58+0000 [1063] DEBUG [librepo]   http://mirrors.nxthost.com/fedora/releases/43/Everything/x86_64/os/repodata/repomd.xml
2025-12-26T14:52:58+0000 [1063] DEBUG [librepo]   rsync://mirrors.nxthost.com/fedora/releases/43/Everything/x86_64/os/repodata/repomd.xml
2025-12-26T14:52:58+0000 [1063] DEBUG [librepo]   https://mirrors.n-ix.net/fedora/linux/releases/43/Everything/x86_64/os/repodata/repomd.xml
2025-12-26T14:52:58+0000 [1063] DEBUG [librepo]   rsync://mirrors.n-ix.net/fedora/releases/43/Everything/x86_64/os/repodata/repomd.xml
2025-12-26T14:52:58+0000 [1063] DEBUG [librepo]   http://mirrors.n-ix.net/fedora/linux/releases/43/Everything/x86_64/os/repodata/repomd.xml
2025-12-26T14:52:58+0000 [1063] DEBUG [librepo]   http://fedora.ip-connect.info/linux/releases/43/Everything/x86_64/os/repodata/repomd.xml
2025-12-26T14:52:58+0000 [1063] DEBUG [librepo]   https://fedora.ip-connect.info/linux/releases/43/Everything/x86_64/os/repodata/repomd.xml
2025-12-26T14:52:58+0000 [1063] DEBUG [librepo]   rsync://fedora.ip-connect.info/fedora/linux/releases/43/Everything/x86_64/os/repodata/repomd.xml
2025-12-26T14:52:58+0000 [1063] DEBUG [librepo]   http://mirror.dogado.de/fedora/linux/releases/43/Everything/x86_64/os/repodata/repomd.xml
2025-12-26T14:52:58+0000 [1063] DEBUG [librepo]   https://mirror.dogado.de/fedora/linux/releases/43/Everything/x86_64/os/repodata/repomd.xml
2025-12-26T14:52:58+0000 [1063] DEBUG [librepo]   rsync://mirror.dogado.de/fedora/linux/releases/43/Everything/x86_64/os/repodata/repomd.xml
2025-12-26T14:52:58+0000 [1063] DEBUG [librepo]   https://fr2.rpmfind.net/linux/fedora/linux/releases/43/Everything/x86_64/os/repodata/repomd.xml
2025-12-26T14:52:58+0000 [1063] DEBUG [librepo]   http://fr2.rpmfind.net/linux/fedora/linux/releases/43/Everything/x86_64/os/repodata/repomd.xml
2025-12-26T14:52:58+0000 [1063] DEBUG [librepo]   rsync://fr2.rpmfind.net/linux/fedora/linux/releases/43/Everything/x86_64/os/repodata/repomd.xml
2025-12-26T14:52:58+0000 [1063] DEBUG [librepo]   http://ftp.fau.de/fedora/linux/releases/43/Everything/x86_64/os/repodata/repomd.xml
2025-12-26T14:52:58+0000 [1063] DEBUG [librepo]   https://ftp.fau.de/fedora/linux/releases/43/Everything/x86_64/os/repodata/repomd.xml
2025-12-26T14:52:58+0000 [1063] DEBUG [librepo]   rsync://ftp.fau.de/fedora/linux/releases/43/Everything/x86_64/os/repodata/repomd.xml
2025-12-26T14:52:58+0000 [1063] DEBUG [librepo]   http://fedora.mirror.root.lu/releases/43/Everything/x86_64/os/repodata/repomd.xml
2025-12-26T14:52:58+0000 [1063] DEBUG [librepo]   rsync://fedora.tu-chemnitz.de/ftp/pub/linux/fedora/linux/releases/43/Everything/x86_64/os/repodata/repomd.xml
2025-12-26T14:52:58+0000 [1063] DEBUG [librepo]   http://fedora.tu-chemnitz.de/pub/linux/fedora/linux/releases/43/Everything/x86_64/os/repodata/repomd.xml
2025-12-26T14:52:58+0000 [1063] DEBUG [librepo]   https://eu.edge.kernel.org/fedora/releases/43/Everything/x86_64/os/repodata/repomd.xml
2025-12-26T14:52:58+0000 [1063] DEBUG [librepo]   rsync://mirror.netsite.dk/fedora/releases/43/Everything/x86_64/os/repodata/repomd.xml
2025-12-26T14:52:58+0000 [1063] DEBUG [librepo]   https://mirror.netsite.dk/fedora/linux/releases/43/Everything/x86_64/os/repodata/repomd.xml
2025-12-26T14:52:58+0000 [1063] DEBUG [librepo]   http://mirror.netsite.dk/fedora/linux/releases/43/Everything/x86_64/os/repodata/repomd.xml
2025-12-26T14:52:58+0000 [1063] DEBUG [librepo]   http://mirror.telepoint.bg/fedora/releases/43/Everything/x86_64/os/repodata/repomd.xml
2025-12-26T14:52:58+0000 [1063] DEBUG [librepo]   rsync://mirror.telepoint.bg/fedora/releases/43/Everything/x86_64/os/repodata/repomd.xml
2025-12-26T14:52:58+0000 [1063] DEBUG [librepo]   https://mirror.telepoint.bg/fedora/releases/43/Everything/x86_64/os/repodata/repomd.xml
2025-12-26T14:52:58+0000 [1063] DEBUG [librepo]   http://ftp.uni-bayreuth.de/linux/fedora/linux/releases/43/Everything/x86_64/os/repodata/repomd.xml
2025-12-26T14:52:58+0000 [1063] DEBUG [librepo]   rsync://rsync.uni-bayreuth.de/fedora-enchilada/linux/releases/43/Everything/x86_64/os/repodata/repomd.xml
2025-12-26T14:52:58+0000 [1063] DEBUG [librepo]   http://mirror.netzwerge.de/fedora/linux/releases/43/Everything/x86_64/os/repodata/repomd.xml
2025-12-26T14:52:58+0000 [1063] DEBUG [librepo]   https://mirror.netzwerge.de/fedora/linux/releases/43/Everything/x86_64/os/repodata/repomd.xml
2025-12-26T14:52:58+0000 [1063] DEBUG [librepo]   rsync://mirror.netzwerge.de/fedora/linux/releases/43/Everything/x86_64/os/repodata/repomd.xml
2025-12-26T14:52:58+0000 [1063] DEBUG [librepo]   http://mirror.slu.cz/fedora/linux/releases/43/Everything/x86_64/os/repodata/repomd.xml
2025-12-26T14:52:58+0000 [1063] DEBUG [librepo]   rsync://mirror.slu.cz/fedora/linux/releases/43/Everything/x86_64/os/repodata/repomd.xml
2025-12-26T14:52:58+0000 [1063] DEBUG [librepo]   https://mirror.slu.cz/fedora/linux/releases/43/Everything/x86_64/os/repodata/repomd.xml
2025-12-26T14:52:58+0000 [1063] DEBUG [librepo]   https://ftp.lysator.liu.se/pub/fedora/linux/releases/43/Everything/x86_64/os/repodata/repomd.xml
2025-12-26T14:52:58+0000 [1063] DEBUG [librepo]   http://ftp.lysator.liu.se/pub/fedora/linux/releases/43/Everything/x86_64/os/repodata/repomd.xml
2025-12-26T14:52:58+0000 [1063] DEBUG [librepo]   rsync://ftp.lysator.liu.se/pub/fedora/linux/releases/43/Everything/x86_64/os/repodata/repomd.xml
2025-12-26T14:52:58+0000 [1063] DEBUG [librepo]   http://mirror.in2p3.fr/pub/fedora/linux/releases/43/Everything/x86_64/os/repodata/repomd.xml
2025-12-26T14:52:58+0000 [1063] DEBUG [librepo]   rsync://mirror.in2p3.fr/pub/fedora/linux/releases/43/Everything/x86_64/os/repodata/repomd.xml
2025-12-26T14:52:58+0000 [1063] DEBUG [librepo]   https://mirror.in2p3.fr/pub/fedora/linux/releases/43/Everything/x86_64/os/repodata/repomd.xml
2025-12-26T14:52:58+0000 [1063] DEBUG [librepo]   https://mirrors.xtom.de/fedora/releases/43/Everything/x86_64/os/repodata/repomd.xml
2025-12-26T14:52:58+0000 [1063] DEBUG [librepo]   http://mirrors.xtom.de/fedora/releases/43/Everything/x86_64/os/repodata/repomd.xml
2025-12-26T14:52:58+0000 [1063] DEBUG [librepo]   rsync://mirrors.xtom.de/fedora/releases/43/Everything/x86_64/os/repodata/repomd.xml
2025-12-26T14:52:58+0000 [1063] DEBUG [librepo]   http://mirror.23m.com/fedora/linux/releases/43/Everything/x86_64/os/repodata/repomd.xml
2025-12-26T14:52:58+0000 [1063] DEBUG [librepo]   https://mirror.23m.com/fedora/linux/releases/43/Everything/x86_64/os/repodata/repomd.xml
2025-12-26T14:52:58+0000 [1063] DEBUG [librepo]   rsync://mirror.23m.com/fedora/linux/releases/43/Everything/x86_64/os/repodata/repomd.xml
2025-12-26T14:52:58+0000 [1063] DEBUG [librepo]   https://www.fedora.is/fedora/releases/43/Everything/x86_64/os/repodata/repomd.xml
2025-12-26T14:52:58+0000 [1063] DEBUG [librepo]   http://www.fedora.is/fedora/releases/43/Everything/x86_64/os/repodata/repomd.xml
2025-12-26T14:52:58+0000 [1063] DEBUG [librepo]   rsync://www.fedora.is/fedora/releases/43/Everything/x86_64/os/repodata/repomd.xml
2025-12-26T14:52:58+0000 [1063] DEBUG [librepo]   rsync://rsync.nic.funet.fi/ftp/pub/mirrors/fedora.redhat.com/pub/fedora/linux/releases/43/Everything/x86_64/os/repodata/repomd.xml
2025-12-26T14:52:58+0000 [1063] DEBUG [librepo]   http://www.nic.funet.fi/pub/mirrors/fedora.redhat.com/pub/fedora/linux/releases/43/Everything/x86_64/os/repodata/repomd.xml
2025-12-26T14:52:58+0000 [1063] DEBUG [librepo]   rsync://mirrors.dotsrc.org/fedora-enchilada/linux/releases/43/Everything/x86_64/os/repodata/repomd.xml
2025-12-26T14:52:58+0000 [1063] DEBUG [librepo]   http://mirrors.dotsrc.org/fedora-enchilada/linux/releases/43/Everything/x86_64/os/repodata/repomd.xml
2025-12-26T14:52:58+0000 [1063] DEBUG [librepo]   https://mirrors.dotsrc.org/fedora-enchilada/linux/releases/43/Everything/x86_64/os/repodata/repomd.xml
2025-12-26T14:52:58+0000 [1063] DEBUG [librepo]   https://mirror.init7.net/fedora/fedora/linux/releases/43/Everything/x86_64/os/repodata/repomd.xml
2025-12-26T14:52:58+0000 [1063] DEBUG [librepo]   http://mirror.init7.net/fedora/fedora/linux/releases/43/Everything/x86_64/os/repodata/repomd.xml
2025-12-26T14:52:58+0000 [1063] DEBUG [librepo]   https://ftp.upjs.sk/pub/fedora/linux/releases/43/Everything/x86_64/os/repodata/repomd.xml
2025-12-26T14:52:58+0000 [1063] DEBUG [librepo]   http://ftp.upjs.sk/pub/fedora/linux/releases/43/Everything/x86_64/os/repodata/repomd.xml
2025-12-26T14:52:58+0000 [1063] DEBUG [librepo]   rsync://ftp.upjs.sk/pub/fedora/linux/releases/43/Everything/x86_64/os/repodata/repomd.xml
2025-12-26T14:52:58+0000 [1063] DEBUG [librepo]   https://mirrors.xtom.ee/fedora/releases/43/Everything/x86_64/os/repodata/repomd.xml
2025-12-26T14:52:58+0000 [1063] DEBUG [librepo]   rsync://mirrors.xtom.ee/fedora/releases/43/Everything/x86_64/os/repodata/repomd.xml
2025-12-26T14:52:58+0000 [1063] DEBUG [librepo]   http://mirrors.xtom.ee/fedora/releases/43/Everything/x86_64/os/repodata/repomd.xml
2025-12-26T14:52:58+0000 [1063] DEBUG [librepo]   rsync://mirror.nl.leaseweb.net/fedora/linux/releases/43/Everything/x86_64/os/repodata/repomd.xml
2025-12-26T14:52:58+0000 [1063] DEBUG [librepo]   http://mirror.nl.leaseweb.net/fedora/linux/releases/43/Everything/x86_64/os/repodata/repomd.xml
2025-12-26T14:52:58+0000 [1063] DEBUG [librepo]   http://fedora.mirror.liteserver.nl/linux/releases/43/Everything/x86_64/os/repodata/repomd.xml
2025-12-26T14:52:58+0000 [1063] DEBUG [librepo]   rsync://mirror.liteserver.nl/fedora/linux/releases/43/Everything/x86_64/os/repodata/repomd.xml
2025-12-26T14:52:58+0000 [1063] DEBUG [librepo]   https://fedora.mirror.liteserver.nl/linux/releases/43/Everything/x86_64/os/repodata/repomd.xml
2025-12-26T14:52:58+0000 [1063] DEBUG [librepo]   https://mirror.plusline.net/fedora/linux/releases/43/Everything/x86_64/os/repodata/repomd.xml
2025-12-26T14:52:58+0000 [1063] DEBUG [librepo]   rsync://mirror.plusline.net/fedora/linux/releases/43/Everything/x86_64/os/repodata/repomd.xml
2025-12-26T14:52:58+0000 [1063] DEBUG [librepo]   http://mirror.plusline.net/fedora/linux/releases/43/Everything/x86_64/os/repodata/repomd.xml
2025-12-26T14:52:58+0000 [1063] DEBUG [librepo]   http://ftp.sh.cvut.cz/fedora/linux/releases/43/Everything/x86_64/os/repodata/repomd.xml
2025-12-26T14:52:58+0000 [1063] DEBUG [librepo]   https://ftp.sh.cvut.cz/fedora/linux/releases/43/Everything/x86_64/os/repodata/repomd.xml
2025-12-26T14:52:58+0000 [1063] DEBUG [librepo]   rsync://ftp.sh.cvut.cz/fedora/linux/releases/43/Everything/x86_64/os/repodata/repomd.xml
2025-12-26T14:52:58+0000 [1063] DEBUG [librepo]   https://ftp-stud.hs-esslingen.de/pub/fedora/linux/releases/43/Everything/x86_64/os/repodata/repomd.xml
2025-12-26T14:52:58+0000 [1063] DEBUG [librepo]   rsync://ftp-stud.hs-esslingen.de/fedora/linux/releases/43/Everything/x86_64/os/repodata/repomd.xml
2025-12-26T14:52:58+0000 [1063] DEBUG [librepo]   http://ftp-stud.hs-esslingen.de/pub/fedora/linux/releases/43/Everything/x86_64/os/repodata/repomd.xml
2025-12-26T14:52:58+0000 [1063] DEBUG [librepo]   http://fedora.ipacct.com/fedora/linux/releases/43/Everything/x86_64/os/repodata/repomd.xml
2025-12-26T14:52:58+0000 [1063] DEBUG [librepo]   https://fedora.ipacct.com/fedora/linux/releases/43/Everything/x86_64/os/repodata/repomd.xml
2025-12-26T14:52:58+0000 [1063] DEBUG [librepo]   rsync://fedora.ipacct.com/fedora/linux/releases/43/Everything/x86_64/os/repodata/repomd.xml
2025-12-26T14:52:58+0000 [1063] DEBUG [librepo]   http://ftp.cica.es/fedora/linux/releases/43/Everything/x86_64/os/repodata/repomd.xml
2025-12-26T14:52:58+0000 [1063] DEBUG [librepo]   rsync://rsync.cica.es/fedora-linux/releases/43/Everything/x86_64/os/repodata/repomd.xml
2025-12-26T14:52:58+0000 [1063] DEBUG [librepo]   rsync://distrib-coffee.ipsl.jussieu.fr/pub/linux/fedora/linux/releases/43/Everything/x86_64/os/repodata/repomd.xml
2025-12-26T14:52:58+0000 [1063] DEBUG [librepo]   http://distrib-coffee.ipsl.jussieu.fr/pub/linux/fedora/linux/releases/43/Everything/x86_64/os/repodata/repomd.xml
2025-12-26T14:52:58+0000 [1063] DEBUG [librepo]   https://mirror.maeen.sa/fedora/releases/43/Everything/x86_64/os/repodata/repomd.xml
2025-12-26T14:52:58+0000 [1063] DEBUG [librepo]   http://mirror.maeen.sa/fedora/releases/43/Everything/x86_64/os/repodata/repomd.xml
2025-12-26T14:52:58+0000 [1063] DEBUG [librepo]   rsync://mirror.maeen.sa/fedora/releases/43/Everything/x86_64/os/repodata/repomd.xml
2025-12-26T14:52:58+0000 [1063] DEBUG [librepo]   http://mirrors.ircam.fr/pub/fedora/linux/releases/43/Everything/x86_64/os/repodata/repomd.xml
2025-12-26T14:52:58+0000 [1063] DEBUG [librepo]   rsync://mirrors.ircam.fr/fedora-linux/releases/43/Everything/x86_64/os/repodata/repomd.xml
2025-12-26T14:52:58+0000 [1063] DEBUG [librepo]   https://mirrors.ircam.fr/pub/fedora/linux/releases/43/Everything/x86_64/os/repodata/repomd.xml
2025-12-26T14:52:58+0000 [1063] DEBUG [librepo]   https://mirror.imt-systems.com/fedora/linux/releases/43/Everything/x86_64/os/repodata/repomd.xml
2025-12-26T14:52:58+0000 [1063] DEBUG [librepo]   rsync://mirror.imt-systems.com/fedora/linux/releases/43/Everything/x86_64/os/repodata/repomd.xml
2025-12-26T14:52:58+0000 [1063] DEBUG [librepo]   http://mirror.imt-systems.com/fedora/linux/releases/43/Everything/x86_64/os/repodata/repomd.xml
2025-12-26T14:52:58+0000 [1063] DEBUG [librepo]   http://mirror.etf.bg.ac.rs/fedora/releases/43/Everything/x86_64/os/repodata/repomd.xml
2025-12-26T14:52:58+0000 [1063] DEBUG [librepo]   rsync://fedora-mirror02.rbc.ru/fedora-enchilada/releases/43/Everything/x86_64/os/repodata/repomd.xml
2025-12-26T14:52:58+0000 [1063] DEBUG [librepo]   http://fedora-mirror02.rbc.ru/pub/fedora/linux/releases/43/Everything/x86_64/os/repodata/repomd.xml
2025-12-26T14:52:58+0000 [1063] DEBUG [librepo]   https://distrohub.kyiv.ua/fedora/fedora/linux/releases/43/Everything/x86_64/os/repodata/repomd.xml
2025-12-26T14:52:58+0000 [1063] DEBUG [librepo]   rsync://distrohub.kyiv.ua/fedora/fedora/linux/releases/43/Everything/x86_64/os/repodata/repomd.xml
2025-12-26T14:52:58+0000 [1063] DEBUG [librepo]   http://distrohub.kyiv.ua/fedora/fedora/linux/releases/43/Everything/x86_64/os/repodata/repomd.xml
2025-12-26T14:52:58+0000 [1063] DEBUG [librepo]   http://mirrors.chroot.ro/fedora/linux/releases/43/Everything/x86_64/os/repodata/repomd.xml
2025-12-26T14:52:58+0000 [1063] DEBUG [librepo]   http://ftp.otenet.gr/linux/fedora/linux/releases/43/Everything/x86_64/os/repodata/repomd.xml
2025-12-26T14:52:58+0000 [1063] DEBUG [librepo] lr_handle_prepare_metalink: Metalink parsed
2025-12-26T14:52:58+0000 [1063] DEBUG [librepo] lr_handle_prepare_internal_mirrorlist: Finalizing internal mirrorlist
2025-12-26T14:52:58+0000 [1063] DEBUG [librepo] lr_handle_prepare_internal_mirrorlist: Finalizing mirrors reported via LRI_MIRRORS
2025-12-26T14:52:58+0000 [1063] DEBUG [librepo] lr_handle_perform: Downloading/Locating yum repo
2025-12-26T14:52:58+0000 [1063] DEBUG [librepo] lr_yum_use_local: Locating repo..
2025-12-26T14:52:58+0000 [1063] DEBUG [librepo] lr_yum_use_local_load_base: Found local metalink: /home/aidan/.cache/libdnf5/fedora-fe4b228be7d3c150/metalink.xml
2025-12-26T14:52:58+0000 [1063] DEBUG [librepo] lr_yum_use_local_load_base: Parsing repomd.xml
2025-12-26T14:52:58+0000 [1063] DEBUG [librepo] lr_yum_use_local_load_base: Repomd revision: 1761190640
2025-12-26T14:52:58+0000 [1063] DEBUG [librepo] Found primary_zck so using instead of primary
2025-12-26T14:52:58+0000 [1063] DEBUG [librepo] Found filelists_zck so using instead of filelists
2025-12-26T14:52:58+0000 [1063] DEBUG [librepo] lr_yum_use_local: Repository was successfully located
2025-12-26T14:52:58+0000 [1063] DEBUG [librepo] lr_yum_check_checksum_of_md_record: Checking checksum of /home/aidan/.cache/libdnf5/fedora-fe4b228be7d3c150/repodata/affb4c277d7a0a05ec39e29c3207de63fe207adf97143e88c61bccc0e2a0135b-primary.xml.zck (expected: 733fbeb51978aaf572b8c53c8c4d6c7e8535009c062749d2134f78b745149a7c [sha256])
2025-12-26T14:52:58+0000 [1063] DEBUG [librepo] lr_yum_check_checksum_of_md_record: Checksum check - Passed
2025-12-26T14:52:58+0000 [1063] DEBUG [librepo] lr_yum_check_checksum_of_md_record: Checking checksum of /home/aidan/.cache/libdnf5/fedora-fe4b228be7d3c150/repodata/d98386eee3b666157656ac39450d1abad187bb47557d23cd6b199a0a4dbd9c5e-filelists.xml.zck (expected: 57c87a4db66ffb321e1cdb176fbf9ed8a31d32382f18c9a06cd959beb00d4500 [sha256])
2025-12-26T14:52:58+0000 [1063] DEBUG Loading group extension for @System repo from "/usr/lib/sysimage/libdnf5/comps_groups/container-management.xml"
2025-12-26T14:52:58+0000 [1063] DEBUG Loading group extension for @System repo from "/usr/lib/sysimage/libdnf5/comps_groups/core.xml"
2025-12-26T14:52:58+0000 [1063] DEBUG Loading group extension for @System repo from "/usr/lib/sysimage/libdnf5/comps_groups/domain-client.xml"
2025-12-26T14:52:58+0000 [1063] DEBUG Loading group extension for @System repo from "/usr/lib/sysimage/libdnf5/comps_groups/guest-agents.xml"
2025-12-26T14:52:58+0000 [1063] DEBUG Loading group extension for @System repo from "/usr/lib/sysimage/libdnf5/comps_groups/hardware-support.xml"
2025-12-26T14:52:58+0000 [1063] DEBUG Loading group extension for @System repo from "/usr/lib/sysimage/libdnf5/comps_groups/headless-management.xml"
2025-12-26T14:52:58+0000 [1063] DEBUG Loading group extension for @System repo from "/usr/lib/sysimage/libdnf5/comps_groups/networkmanager-submodules.xml"
2025-12-26T14:52:58+0000 [1063] DEBUG Loading group extension for @System repo from "/usr/lib/sysimage/libdnf5/comps_groups/server-hardware-support.xml"
2025-12-26T14:52:58+0000 [1063] DEBUG Loading group extension for @System repo from "/usr/lib/sysimage/libdnf5/comps_groups/server-product.xml"
2025-12-26T14:52:58+0000 [1063] DEBUG Loading group extension for @System repo from "/usr/lib/sysimage/libdnf5/comps_groups/standard.xml"
2025-12-26T14:52:58+0000 [1063] DEBUG Loading group extension for @System repo from "/usr/lib/sysimage/libdnf5/comps_groups/server-product-environment.xml"
2025-12-26T14:52:58+0000 [1063] DEBUG Loading solv cache file: "/home/aidan/.cache/libdnf5/fedora-cisco-openh264-65b03c203277e378/solv/fedora-cisco-openh264.solv"
2025-12-26T14:52:58+0000 [1063] DEBUG Loading solv cache file: "/home/aidan/.cache/libdnf5/fedora-cisco-openh264-65b03c203277e378/solv/fedora-cisco-openh264-filelists.solvx"
2025-12-26T14:52:58+0000 [1063] DEBUG No updateinfo metadata available for repo "fedora-cisco-openh264"
2025-12-26T14:52:58+0000 [1063] DEBUG No group metadata available for repo "fedora-cisco-openh264"
2025-12-26T14:52:58+0000 [1063] DEBUG No modules metadata available for repo fedora-cisco-openh264
2025-12-26T14:52:58+0000 [1063] DEBUG Loading solv cache file: "/home/aidan/.cache/libdnf5/updates-431245df5652aba0/solv/updates.solv"
2025-12-26T14:52:58+0000 [1063] DEBUG [librepo] lr_yum_check_checksum_of_md_record: Checksum check - Passed
2025-12-26T14:52:58+0000 [1063] DEBUG [librepo] lr_yum_check_checksum_of_md_record: Checking checksum of /home/aidan/.cache/libdnf5/fedora-fe4b228be7d3c150/repodata/73a6103e51d00abd1abd50eb54f98a07b398a86972555b532af6acdb98565c3d-comps-Everything.x86_64.xml.zst (expected: 73a6103e51d00abd1abd50eb54f98a07b398a86972555b532af6acdb98565c3d [sha256])
2025-12-26T14:52:58+0000 [1063] DEBUG [librepo] lr_checksum_fd_compare: Using mtime cached in xattr: [user.librepo.checksum.mtime] 1766760544212926223
2025-12-26T14:52:58+0000 [1063] DEBUG [librepo] lr_checksum_fd_compare: Using checksum cached in xattr: [user.librepo.checksum.sha256] 73a6103e51d00abd1abd50eb54f98a07b398a86972555b532af6acdb98565c3d
2025-12-26T14:52:58+0000 [1063] DEBUG [librepo] lr_yum_check_checksum_of_md_record: Checksum check - Passed
2025-12-26T14:52:58+0000 [1063] DEBUG [librepo] lr_handle_perform: Restoring an old SIGINT handler
2025-12-26T14:52:58+0000 [1063] DEBUG Using cache for repo "fedora"
2025-12-26T14:52:58+0000 [1063] DEBUG Loading solv cache file: "/home/aidan/.cache/libdnf5/updates-431245df5652aba0/solv/updates-filelists.solvx"
2025-12-26T14:52:58+0000 [1063] DEBUG Loading solv cache file: "/home/aidan/.cache/libdnf5/updates-431245df5652aba0/solv/updates-updateinfo.solvx"
2025-12-26T14:52:58+0000 [1063] DEBUG Loading solv cache file: "/home/aidan/.cache/libdnf5/updates-431245df5652aba0/solv/updates-group.solvx"
2025-12-26T14:52:58+0000 [1063] DEBUG No modules metadata available for repo updates
2025-12-26T14:52:58+0000 [1063] DEBUG Loading solv cache file: "/home/aidan/.cache/libdnf5/fedora-fe4b228be7d3c150/solv/fedora.solv"
2025-12-26T14:52:58+0000 [1063] DEBUG Loading solv cache file: "/home/aidan/.cache/libdnf5/fedora-fe4b228be7d3c150/solv/fedora-filelists.solvx"
2025-12-26T14:52:58+0000 [1063] DEBUG No updateinfo metadata available for repo "fedora"
2025-12-26T14:52:58+0000 [1063] DEBUG Loading solv cache file: "/home/aidan/.cache/libdnf5/fedora-fe4b228be7d3c150/solv/fedora-group.solvx"
2025-12-26T14:52:58+0000 [1063] DEBUG No modules metadata available for repo fedora
2025-12-26T14:52:59+0000 [1063] DEBUG Got boot time from systemd: 1766760753
2025-12-26T14:52:59+0000 [1063] INFO DNF5 finished
